start_time,bat_landing_to_food,habit,rat_period_start,rat_period_end,seconds_after_rat_arrival,risk,reward,month,sunset_time,hours_after_sunset,season,hour,timeFormat,rat_arrival_number,rat_minutes,bat_landing_number,time,food_availability,predicted_food_availability,actual_hours_after_sunset
26/12/2017 20:57,1.0,,2017-12-26 20:53:00,2017-12-26 20:58:00,239,0,0,0,2017-12-26 16:43:00,4.248611111,0,20,2017-12-26 20:57:00,2,1.283333333,51,26/12/2017 20:43,2.968873797,2.75055378482,4.1822222
26/12/2017 20:57,5.0,,2017-12-26 20:53:00,2017-12-26 20:58:00,199,0,0,0,2017-12-26 16:43:00,4.2375,0,20,2017-12-26 20:57:00,2,1.283333333,51,26/12/2017 20:43,2.968873797,2.75055378482,4.1822222
26/12/2017 21:24,3.0,fast,2017-12-26 21:22:00,2017-12-26 21:27:00,121,0,1,0,2017-12-26 16:43:00,4.693611111,0,21,2017-12-26 21:24:00,1,4.866666667,53,26/12/2017 21:13,2.561403509,2.5991459999999997,4.66
26/12/2017 21:24,15.0,rat,2017-12-26 21:22:00,2017-12-26 21:27:00,88,1,0,0,2017-12-26 16:43:00,4.684444444,0,21,2017-12-26 21:24:00,1,4.866666667,53,26/12/2017 21:13,2.561403509,2.5991459999999997,4.66
26/12/2017 21:24,6.0,pick,2017-12-26 21:22:00,2017-12-26 21:27:00,113,0,1,0,2017-12-26 16:43:00,4.691388889,0,21,2017-12-26 21:24:00,1,4.866666667,53,26/12/2017 21:13,2.561403509,2.5991459999999997,4.66
26/12/2017 21:24,5.0,pick,2017-12-26 21:22:00,2017-12-26 21:27:00,128,0,1,0,2017-12-26 16:43:00,4.695555556,0,21,2017-12-26 21:24:00,1,4.866666667,53,26/12/2017 21:13,2.561403509,2.5991459999999997,4.66
26/12/2017 21:25,6.0,pick,2017-12-26 21:22:00,2017-12-26 21:27:00,153,0,1,0,2017-12-26 16:43:00,4.7025,0,21,2017-12-26 21:25:00,1,4.866666667,53,26/12/2017 21:13,2.561403509,2.5991459999999997,4.66
26/12/2017 21:26,1.0,bat_fight,2017-12-26 21:22:00,2017-12-26 21:27:00,216,1,0,0,2017-12-26 16:43:00,4.72,0,21,2017-12-26 21:26:00,1,4.866666667,53,26/12/2017 21:13,2.561403509,2.5991459999999997,4.66
26/12/2017 21:26,10.0,rat,2017-12-26 21:22:00,2017-12-26 21:27:00,208,1,0,0,2017-12-26 16:43:00,4.717777778,0,21,2017-12-26 21:26:00,1,4.866666667,53,26/12/2017 21:13,2.561403509,2.5991459999999997,4.66
27/12/2017 1:35,2.0,rat_and_no_food,2017-12-27 01:34:00,2017-12-27 01:41:00,37,1,0,0,2017-12-26 16:43:00,8.8725,0,1,2017-12-27 01:35:00,1,6.683333333,16,27/12/2017 1:13,0.0,1.2674617848199996,8.8622222
28/12/2017 3:58,2.0,fast,2017-12-28 03:56:00,2017-12-28 04:13:00,107,0,1,0,2017-12-27 16:43:00,11.26277778,0,3,2017-12-28 03:58:00,1,16.01666667,5,28/12/2017 3:43,0.971774194,0.5161446803599996,11.2330556
28/12/2017 4:02,2.0,fast,2017-12-28 03:56:00,2017-12-28 04:13:00,358,0,1,0,2017-12-27 16:43:00,11.3325,0,4,2017-12-28 04:02:00,1,16.01666667,5,28/12/2017 3:43,0.971774194,0.5161446803599996,11.2330556
28/12/2017 4:11,1.0,,2017-12-28 03:56:00,2017-12-28 04:13:00,852,0,0,0,2017-12-27 16:43:00,11.46972222,0,4,2017-12-28 04:11:00,1,16.01666667,5,28/12/2017 3:43,0.971774194,0.5161446803599996,11.2330556
28/12/2017 19:36,1.0,fast,2017-12-28 19:35:00,2017-12-28 19:46:00,14,0,1,0,2017-12-28 16:44:00,2.868888889,0,19,2017-12-28 19:36:00,1,8.1,23,28/12/2017 19:14,3.543859649,3.1679815,2.865
28/12/2017 19:36,2.0,rat,2017-12-28 19:35:00,2017-12-28 19:46:00,40,1,0,0,2017-12-28 16:44:00,2.876111111,0,19,2017-12-28 19:36:00,1,8.1,23,28/12/2017 19:14,3.543859649,3.1679815,2.865
28/12/2017 19:37,26.0,rat,2017-12-28 19:35:00,2017-12-28 19:46:00,68,1,0,0,2017-12-28 16:44:00,2.883888889,0,19,2017-12-28 19:37:00,1,8.1,23,28/12/2017 19:14,3.543859649,3.1679815,2.865
28/12/2017 19:44,5.0,rat_and_others,2017-12-28 19:35:00,2017-12-28 19:46:00,521,1,0,0,2017-12-28 16:44:00,3.009722222,0,19,2017-12-28 19:44:00,1,8.1,23,28/12/2017 19:14,3.543859649,3.1679815,2.865
28/12/2017 19:45,15.0,pick_and_others,2017-12-28 19:35:00,2017-12-28 19:46:00,564,1,1,0,2017-12-28 16:44:00,3.021666667,0,19,2017-12-28 19:45:00,1,8.1,23,28/12/2017 19:14,3.543859649,3.1679815,2.865
28/12/2017 19:46,24.0,rat,2017-12-28 19:35:00,2017-12-28 19:46:00,607,1,0,0,2017-12-28 16:44:00,3.033611111,0,19,2017-12-28 19:46:00,1,8.1,23,28/12/2017 19:14,3.543859649,3.1679815,2.865
30/12/2017 18:37,16.0,rat,2017-12-30 18:35:00,2017-12-30 18:38:00,108,1,0,0,2017-12-30 16:45:00,1.870833333,0,18,2017-12-30 18:37:00,1,3.283333333,36,30/12/2017 18:15,4.0,3.4925399272299997,1.8408333
30/12/2017 19:51,4.0,fast,2017-12-30 19:50:00,2017-12-30 19:55:00,41,0,1,0,2017-12-30 16:45:00,3.1075,0,19,2017-12-30 19:51:00,1,5.0,37,30/12/2017 19:45,3.067911715,3.0947423924099997,3.0961111
30/12/2017 19:51,0.074015603,fast,2017-12-30 19:50:00,2017-12-30 19:55:00,17,0,1,0,2017-12-30 16:45:00,3.100833333,0,19,2017-12-30 19:51:00,1,5.0,37,30/12/2017 19:45,3.067911715,3.0947423924099997,3.0961111
30/12/2017 19:52,10.0,rat,2017-12-30 19:50:00,2017-12-30 19:55:00,111,1,0,0,2017-12-30 16:45:00,3.126944444,0,19,2017-12-30 19:52:00,1,5.0,37,30/12/2017 19:45,3.067911715,3.0947423924099997,3.0961111
30/12/2017 19:54,24.0,rat,2017-12-30 19:50:00,2017-12-30 19:55:00,215,1,0,0,2017-12-30 16:45:00,3.155833333,0,19,2017-12-30 19:54:00,1,5.0,37,30/12/2017 19:45,3.067911715,3.0947423924099997,3.0961111
30/12/2017 19:54,15.0,rat,2017-12-30 19:50:00,2017-12-30 19:55:00,194,1,0,0,2017-12-30 16:45:00,3.15,0,19,2017-12-30 19:54:00,1,5.0,37,30/12/2017 19:45,3.067911715,3.0947423924099997,3.0961111
30/12/2017 19:54,13.0,rat,2017-12-30 19:50:00,2017-12-30 19:55:00,253,1,0,0,2017-12-30 16:45:00,3.166388889,0,19,2017-12-30 19:54:00,1,5.0,37,30/12/2017 19:45,3.067911715,3.0947423924099997,3.0961111
1/01/2018 1:52,2.0,fast,2018-01-01 01:50:00,2018-01-01 01:55:00,115,0,1,1,2017-12-31 16:46:00,9.108333333,0,1,2018-01-01 01:52:00,1,4.933333333,18,1/01/2018 1:46,1.92688172,1.1995923575899998,9.0763889
10/01/2018 4:12,1.0,rat,2018-01-10 04:07:00,2018-01-10 04:15:00,306,1,0,1,2018-01-09 16:53:00,11.32222222,0,4,2018-01-10 04:12:00,1,8.566666667,18,10/01/2018 3:53,2.851612903,0.51482428482,11.2372222
10/01/2018 23:34,4.0,,2018-01-10 23:32:00,2018-01-10 23:34:00,113,0,0,1,2018-01-10 16:54:00,6.673888889,0,23,2018-01-10 23:34:00,2,2.05,38,10/01/2018 23:24,2.0,1.9708917499999998,6.6425
27/01/2018 23:44,0.049410419,fast,2018-01-27 23:44:00,2018-01-27 23:50:00,12,0,1,1,2018-01-27 17:09:00,6.591111111,0,23,2018-01-27 23:44:00,1,6.083333333,64,27/01/2018 23:39,2.55,1.9882332151799997,6.5877778
27/01/2018 23:44,1.0,fast,2018-01-27 23:44:00,2018-01-27 23:50:00,14,0,1,1,2018-01-27 17:09:00,6.591666667,0,23,2018-01-27 23:44:00,1,6.083333333,64,27/01/2018 23:39,2.55,1.9882332151799997,6.5877778
27/01/2018 23:45,6.0,rat,2018-01-27 23:44:00,2018-01-27 23:50:00,49,1,0,1,2018-01-27 17:09:00,6.601388889,0,23,2018-01-27 23:45:00,1,6.083333333,64,27/01/2018 23:39,2.55,1.9882332151799997,6.5877778
27/01/2018 23:45,3.0,fast,2018-01-27 23:44:00,2018-01-27 23:50:00,68,0,1,1,2018-01-27 17:09:00,6.606666667,0,23,2018-01-27 23:45:00,1,6.083333333,64,27/01/2018 23:39,2.55,1.9882332151799997,6.5877778
27/01/2018 23:45,8.0,rat,2018-01-27 23:44:00,2018-01-27 23:50:00,84,1,0,1,2018-01-27 17:09:00,6.611111111,0,23,2018-01-27 23:45:00,1,6.083333333,64,27/01/2018 23:39,2.55,1.9882332151799997,6.5877778
27/01/2018 23:46,31.0,rat,2018-01-27 23:44:00,2018-01-27 23:50:00,122,1,0,1,2018-01-27 17:09:00,6.621666667,0,23,2018-01-27 23:46:00,1,6.083333333,64,27/01/2018 23:39,2.55,1.9882332151799997,6.5877778
27/01/2018 23:47,0.010695699,fast,2018-01-27 23:44:00,2018-01-27 23:50:00,186,0,1,1,2018-01-27 17:09:00,6.639444444,0,23,2018-01-27 23:47:00,1,6.083333333,64,27/01/2018 23:39,2.55,1.9882332151799997,6.5877778
27/01/2018 23:48,2.0,fast,2018-01-27 23:44:00,2018-01-27 23:50:00,231,0,1,1,2018-01-27 17:09:00,6.651944444,0,23,2018-01-27 23:48:00,1,6.083333333,64,27/01/2018 23:39,2.55,1.9882332151799997,6.5877778
27/01/2018 23:48,9.0,pick,2018-01-27 23:44:00,2018-01-27 23:50:00,253,0,1,1,2018-01-27 17:09:00,6.658055556,0,23,2018-01-27 23:48:00,1,6.083333333,64,27/01/2018 23:39,2.55,1.9882332151799997,6.5877778
27/01/2018 23:48,1.0,gaze,2018-01-27 23:44:00,2018-01-27 23:50:00,246,0,0,1,2018-01-27 17:09:00,6.656111111,0,23,2018-01-27 23:48:00,1,6.083333333,64,27/01/2018 23:39,2.55,1.9882332151799997,6.5877778
27/01/2018 23:50,6.0,pick,2018-01-27 23:44:00,2018-01-27 23:50:00,355,0,1,1,2018-01-27 17:09:00,6.686388889,0,23,2018-01-27 23:50:00,1,6.083333333,64,27/01/2018 23:39,2.55,1.9882332151799997,6.5877778
28/01/2018 4:20,11.0,pick,2018-01-28 04:08:00,2018-01-28 04:20:00,742,0,1,1,2018-01-27 17:09:00,11.1975,0,4,2018-01-28 04:20:00,1,0.516666667,23,28/01/2018 3:39,1.0,0.5927288575899996,10.9913889
28/01/2018 19:56,1.0,fast,2018-01-28 19:56:00,2018-01-28 20:10:00,9,0,1,1,2018-01-28 17:10:00,2.770833333,0,19,2018-01-28 19:56:00,1,13.9,40,28/01/2018 19:40,3.970430108,3.1986151772299998,2.7683333
28/01/2018 19:58,1.0,rat,2018-01-28 19:56:00,2018-01-28 20:10:00,162,1,0,1,2018-01-28 17:10:00,2.813333333,0,19,2018-01-28 19:58:00,1,13.9,40,28/01/2018 19:40,3.970430108,3.1986151772299998,2.7683333
28/01/2018 20:03,1.0,rat,2018-01-28 19:56:00,2018-01-28 20:10:00,456,1,0,1,2018-01-28 17:10:00,2.895,0,20,2018-01-28 20:03:00,1,13.9,40,28/01/2018 19:40,3.970430108,3.1986151772299998,2.7683333
28/01/2018 20:04,0.035319187,rat,2018-01-28 19:56:00,2018-01-28 20:10:00,528,1,0,1,2018-01-28 17:10:00,2.915,0,20,2018-01-28 20:04:00,1,13.9,40,28/01/2018 19:40,3.970430108,3.1986151772299998,2.7683333
28/01/2018 20:05,1.0,fast,2018-01-28 19:56:00,2018-01-28 20:10:00,589,0,1,1,2018-01-28 17:10:00,2.931944444,0,20,2018-01-28 20:05:00,1,13.9,40,28/01/2018 19:40,3.970430108,3.1986151772299998,2.7683333
28/01/2018 20:05,1.0,rat,2018-01-28 19:56:00,2018-01-28 20:10:00,583,1,0,1,2018-01-28 17:10:00,2.930277778,0,20,2018-01-28 20:05:00,1,13.9,40,28/01/2018 19:40,3.970430108,3.1986151772299998,2.7683333
28/01/2018 20:05,0.034803066,fast,2018-01-28 19:56:00,2018-01-28 20:10:00,569,0,1,1,2018-01-28 17:10:00,2.926388889,0,20,2018-01-28 20:05:00,1,13.9,40,28/01/2018 19:40,3.970430108,3.1986151772299998,2.7683333
28/01/2018 20:05,7.0,pick_rat,2018-01-28 19:56:00,2018-01-28 20:10:00,545,1,1,1,2018-01-28 17:10:00,2.919722222,0,20,2018-01-28 20:05:00,1,13.9,40,28/01/2018 19:40,3.970430108,3.1986151772299998,2.7683333
28/01/2018 20:05,1.0,rat,2018-01-28 19:56:00,2018-01-28 20:10:00,534,1,0,1,2018-01-28 17:10:00,2.916666667,0,20,2018-01-28 20:05:00,1,13.9,40,28/01/2018 19:40,3.970430108,3.1986151772299998,2.7683333
28/01/2018 20:05,1.0,fast,2018-01-28 19:56:00,2018-01-28 20:10:00,551,0,1,1,2018-01-28 17:10:00,2.921388889,0,20,2018-01-28 20:05:00,1,13.9,40,28/01/2018 19:40,3.970430108,3.1986151772299998,2.7683333
28/01/2018 20:06,2.0,fast,2018-01-28 19:56:00,2018-01-28 20:10:00,627,0,1,1,2018-01-28 17:10:00,2.9425,0,20,2018-01-28 20:06:00,1,13.9,40,28/01/2018 19:40,3.970430108,3.1986151772299998,2.7683333
28/01/2018 20:06,1.0,fast,2018-01-28 19:56:00,2018-01-28 20:10:00,631,0,1,1,2018-01-28 17:10:00,2.943611111,0,20,2018-01-28 20:06:00,1,13.9,40,28/01/2018 19:40,3.970430108,3.1986151772299998,2.7683333
28/01/2018 20:06,4.0,fast,2018-01-28 19:56:00,2018-01-28 20:10:00,642,0,1,1,2018-01-28 17:10:00,2.946666667,0,20,2018-01-28 20:06:00,1,13.9,40,28/01/2018 19:40,3.970430108,3.1986151772299998,2.7683333
28/01/2018 20:08,4.0,pick,2018-01-28 19:56:00,2018-01-28 20:10:00,720,0,1,1,2018-01-28 17:10:00,2.968333333,0,20,2018-01-28 20:08:00,1,13.9,40,28/01/2018 19:40,3.970430108,3.1986151772299998,2.7683333
28/01/2018 20:09,3.0,rat,2018-01-28 19:56:00,2018-01-28 20:10:00,824,1,0,1,2018-01-28 17:10:00,2.997222222,0,20,2018-01-28 20:09:00,1,13.9,40,28/01/2018 19:40,3.970430108,3.1986151772299998,2.7683333
29/01/2018 1:32,22.0,pick,2018-01-29 01:29:00,2018-01-29 01:33:00,225,0,1,1,2018-01-28 17:10:00,8.381666667,0,1,2018-01-29 01:32:00,1,4.45,51,29/01/2018 1:10,1.609375,1.4395560727699999,8.3191667
31/01/2018 19:44,3.0,rat,2018-01-31 19:41:00,2018-01-31 19:45:00,195,1,0,1,2018-01-31 17:13:00,2.522777778,0,19,2018-01-31 19:44:00,1,1.883333333,61,31/01/2018 19:13,3.642857143,3.29359714241,2.4686111
31/01/2018 22:23,1.0,fast,2018-01-31 22:20:00,2018-01-31 22:24:00,168,0,1,1,2018-01-31 17:13:00,5.168333333,0,22,2018-01-31 22:23:00,1,4.466666667,80,31/01/2018 22:13,2.0,2.4528438227700002,5.1216667
2/02/2018 0:43,2.0,fast,2018-02-02 00:40:00,2018-02-02 00:44:00,184,0,1,2,2018-02-01 17:14:00,7.489722222,0,0,2018-02-02 00:43:00,1,3.683333333,57,2/02/2018 0:14,1.524590164,1.7186041424099998,7.4386111
2/02/2018 0:44,1.0,rat,2018-02-02 00:40:00,2018-02-02 00:44:00,239,1,0,2,2018-02-01 17:14:00,7.505,0,0,2018-02-02 00:44:00,1,3.683333333,57,2/02/2018 0:14,1.524590164,1.7186041424099998,7.4386111
2/02/2018 18:30,4.0,rat,2018-02-02 18:30:00,2018-02-02 18:30:00,3,1,0,2,2018-02-02 17:15:00,1.260555556,0,18,2018-02-02 18:30:00,1,0.133333333,46,2/02/2018 18:15,4.0,3.6766940348199997,1.2597222
3/02/2018 17:51,29.0,rat,2018-02-03 17:51:00,2018-02-03 17:51:00,22,1,0,2,2018-02-03 17:16:00,0.592777778,0,17,2018-02-03 17:51:00,1,0.666666667,34,3/02/2018 17:46,3.949388209,3.88998532277,0.5866667
4/02/2018 18:32,155.0,,2018-02-04 18:32:00,2018-02-04 18:50:00,42,0,0,2,2018-02-04 17:17:00,1.265,0,18,2018-02-04 18:32:00,17,2.3,39,4/02/2018 18:17,4.0,3.67871867723,1.2533333
4/02/2018 18:33,3.0,bat_and_rat,2018-02-04 18:32:00,2018-02-04 18:50:00,77,1,0,2,2018-02-04 17:17:00,1.274722222,0,18,2018-02-04 18:33:00,17,2.3,39,4/02/2018 18:17,4.0,3.67871867723,1.2533333
4/02/2018 18:46,1.0,,2018-02-04 18:32:00,2018-02-04 18:50:00,856,0,0,2,2018-02-04 17:17:00,1.491111111,0,18,2018-02-04 18:46:00,17,2.3,39,4/02/2018 18:17,4.0,3.67871867723,1.2533333
4/02/2018 18:47,1.0,,2018-02-04 18:32:00,2018-02-04 18:50:00,933,0,0,2,2018-02-04 17:17:00,1.5125,0,18,2018-02-04 18:47:00,17,2.3,39,4/02/2018 18:17,4.0,3.67871867723,1.2533333
5/02/2018 23:22,1.0,,2018-02-05 23:21:00,2018-02-05 23:26:00,110,0,0,2,2018-02-05 17:18:00,6.081388889,0,23,2018-02-05 23:22:00,8,1.3,104,5/02/2018 23:18,1.466666667,2.1583909272299997,6.0508333
5/02/2018 23:22,1.0,,2018-02-05 23:21:00,2018-02-05 23:26:00,77,0,0,2,2018-02-05 17:18:00,6.072222222,0,23,2018-02-05 23:22:00,8,1.3,104,5/02/2018 23:18,1.466666667,2.1583909272299997,6.0508333
5/02/2018 23:25,6.0,,2018-02-05 23:21:00,2018-02-05 23:26:00,253,0,0,2,2018-02-05 17:18:00,6.121111111,0,23,2018-02-05 23:25:00,8,1.3,104,5/02/2018 23:18,1.466666667,2.1583909272299997,6.0508333
7/02/2018 18:11,7.0,"94.0,305.0,239.0,416.0; 364.8,139.3,462.3,241.3",2018-02-07 18:11:00,2018-02-07 18:11:00,10,0,0,2,2018-02-07 17:19:00,0.8775,0,18,2018-02-07 18:11:00,1,0.25,53,7/02/2018 17:49,4.0,3.79870053482,0.8747222
7/02/2018 18:32,1.0,rat,2018-02-07 18:29:00,2018-02-07 18:44:00,166,1,0,2,2018-02-07 17:19:00,1.225277778,0,18,2018-02-07 18:32:00,5,10.48333333,29,7/02/2018 18:19,4.0,3.7022220727699997,1.1791667
7/02/2018 22:58,14.0,pick,2018-02-07 22:53:00,2018-02-07 22:58:00,299,0,1,2,2018-02-07 17:19:00,5.661944444,0,22,2018-02-07 22:58:00,2,2.433333333,65,7/02/2018 22:49,2.050611791,2.30795010759,5.5788889
8/02/2018 1:47,8.0,rat attack,2018-02-08 01:47:00,2018-02-08 01:48:00,7,1,0,2,2018-02-07 17:19:00,8.481666667,0,1,2018-02-08 01:47:00,1,0.25,49,8/02/2018 1:19,1.456140351,1.38867603482,8.4797222
8/02/2018 1:52,1.0,fast,2018-02-08 01:52:00,2018-02-08 01:52:00,2,0,1,2,2018-02-07 17:19:00,8.554722222,0,1,2018-02-08 01:52:00,2,4.166666667,53,8/02/2018 1:49,1.037351443,1.3650845727699998,8.5541667
8/02/2018 2:06,6.0,rat,2018-02-08 02:05:00,2018-02-08 02:09:00,74,1,0,2,2018-02-07 17:19:00,8.796944444,0,2,2018-02-08 02:06:00,2,4.166666667,53,8/02/2018 1:49,1.037351443,1.2946623575899996,8.7763889
8/02/2018 2:06,1.0,rat,2018-02-08 02:05:00,2018-02-08 02:09:00,80,1,0,2,2018-02-07 17:19:00,8.798611111,0,2,2018-02-08 02:06:00,2,4.166666667,53,8/02/2018 1:49,1.037351443,1.2946623575899996,8.7763889
8/02/2018 2:07,7.0,rat,2018-02-08 02:05:00,2018-02-08 02:09:00,99,1,0,2,2018-02-07 17:19:00,8.803888889,0,2,2018-02-08 02:07:00,2,4.166666667,53,8/02/2018 1:49,1.037351443,1.2946623575899996,8.7763889
8/02/2018 2:07,4.0,rat,2018-02-08 02:05:00,2018-02-08 02:09:00,116,1,0,2,2018-02-07 17:19:00,8.808611111,0,2,2018-02-08 02:07:00,2,4.166666667,53,8/02/2018 1:49,1.037351443,1.2946623575899996,8.7763889
8/02/2018 2:08,4.0,rat,2018-02-08 02:05:00,2018-02-08 02:09:00,200,1,0,2,2018-02-07 17:19:00,8.831944444,0,2,2018-02-08 02:08:00,2,4.166666667,53,8/02/2018 1:49,1.037351443,1.2946623575899996,8.7763889
8/02/2018 3:41,0.035867953,rat,2018-02-08 03:41:00,2018-02-08 03:45:00,27,1,0,2,2018-02-07 17:19:00,10.37444444,0,3,2018-02-08 03:41:00,1,4.216666667,14,8/02/2018 3:19,0.0,0.7906153196399996,10.3669444
9/02/2018 0:06,3.0,fast,2018-02-09 00:06:00,2018-02-09 00:06:00,2,0,1,2,2018-02-08 17:20:00,6.767222222,0,0,2018-02-09 00:06:00,4,1.0,38,8/02/2018 23:50,2.029569892,1.9315433227699996,6.7666667
9/02/2018 0:11,1.0,rat,2018-02-09 00:09:00,2018-02-09 00:13:00,135,1,0,2,2018-02-08 17:20:00,6.862222222,0,0,2018-02-09 00:11:00,4,1.0,38,8/02/2018 23:50,2.029569892,1.91314553482,6.8247222
9/02/2018 0:26,17.0,pick,2018-02-09 00:26:00,2018-02-09 00:32:00,2,0,1,2,2018-02-08 17:20:00,7.114722222,0,0,2018-02-09 00:26:00,2,1.133333333,46,9/02/2018 0:20,2.0,1.8214205727699997,7.1141667
9/02/2018 0:29,1.0,rat,2018-02-09 00:26:00,2018-02-09 00:32:00,154,1,0,2,2018-02-08 17:20:00,7.156944444,0,0,2018-02-09 00:29:00,2,1.133333333,46,9/02/2018 0:20,2.0,1.8214205727699997,7.1141667
9/02/2018 3:31,1.0,rat,2018-02-09 03:28:00,2018-02-09 03:33:00,146,1,0,2,2018-02-08 17:20:00,10.18444444,0,3,2018-02-09 03:31:00,1,4.733333333,22,9/02/2018 3:20,1.0,0.8613016075899997,10.1438889
9/02/2018 3:32,21.0,rat,2018-02-09 03:28:00,2018-02-09 03:33:00,211,1,0,2,2018-02-08 17:20:00,10.2025,0,3,2018-02-09 03:32:00,1,4.733333333,22,9/02/2018 3:20,1.0,0.8613016075899997,10.1438889
9/02/2018 3:32,9.0,pick,2018-02-09 03:28:00,2018-02-09 03:33:00,246,0,1,2,2018-02-08 17:20:00,10.21222222,0,3,2018-02-09 03:32:00,1,4.733333333,22,9/02/2018 3:20,1.0,0.8613016075899997,10.1438889
10/02/2018 0:43,4.0,rat,2018-02-10 00:43:00,2018-02-10 00:45:00,22,1,0,2,2018-02-09 17:21:00,7.375277778,0,0,2018-02-10 00:43:00,3,4.1,83,10/02/2018 0:21,1.421052632,1.7406110727699997,7.3691667
10/02/2018 0:44,4.0,pick,2018-02-10 00:43:00,2018-02-10 00:45:00,68,0,1,2,2018-02-09 17:21:00,7.388055556,0,0,2018-02-10 00:44:00,3,4.1,83,10/02/2018 0:21,1.421052632,1.7406110727699997,7.3691667
10/02/2018 0:44,2.0,pick,2018-02-10 00:43:00,2018-02-10 00:45:00,80,0,1,2,2018-02-09 17:21:00,7.391388889,0,0,2018-02-10 00:44:00,3,4.1,83,10/02/2018 0:21,1.421052632,1.7406110727699997,7.3691667
10/02/2018 0:44,21.0,pick_bat,2018-02-10 00:43:00,2018-02-10 00:45:00,65,1,1,2,2018-02-09 17:21:00,7.387222222,0,0,2018-02-10 00:44:00,3,4.1,83,10/02/2018 0:21,1.421052632,1.7406110727699997,7.3691667
10/02/2018 0:44,7.0,bat,2018-02-10 00:43:00,2018-02-10 00:45:00,61,1,0,2,2018-02-09 17:21:00,7.386111111,0,0,2018-02-10 00:44:00,3,4.1,83,10/02/2018 0:21,1.421052632,1.7406110727699997,7.3691667
10/02/2018 0:44,3.0,fast,2018-02-10 00:43:00,2018-02-10 00:45:00,96,0,1,2,2018-02-09 17:21:00,7.395833333,0,0,2018-02-10 00:44:00,3,4.1,83,10/02/2018 0:21,1.421052632,1.7406110727699997,7.3691667
10/02/2018 0:49,0.089216347,fast,2018-02-10 00:49:00,2018-02-10 00:51:00,18,0,1,2,2018-02-09 17:21:00,7.471944444,0,0,2018-02-10 00:49:00,3,4.1,83,10/02/2018 0:21,1.421052632,1.7096253196399998,7.4669444
10/02/2018 0:49,2.0,rat,2018-02-10 00:49:00,2018-02-10 00:51:00,56,1,0,2,2018-02-09 17:21:00,7.4825,0,0,2018-02-10 00:49:00,3,4.1,83,10/02/2018 0:21,1.421052632,1.7096253196399998,7.4669444
10/02/2018 0:50,0.090143902,rat,2018-02-10 00:49:00,2018-02-10 00:51:00,81,1,0,2,2018-02-09 17:21:00,7.489444444,0,0,2018-02-10 00:50:00,3,4.1,83,10/02/2018 0:21,1.421052632,1.7096253196399998,7.4669444
10/02/2018 0:50,0.041390374,fast,2018-02-10 00:49:00,2018-02-10 00:51:00,65,0,1,2,2018-02-09 17:21:00,7.485,0,0,2018-02-10 00:50:00,3,4.1,83,10/02/2018 0:21,1.421052632,1.7096253196399998,7.4669444
10/02/2018 0:50,20.0,both,2018-02-10 00:49:00,2018-02-10 00:51:00,102,0,0,2,2018-02-09 17:21:00,7.495277778,0,0,2018-02-10 00:50:00,3,4.1,83,10/02/2018 0:21,1.421052632,1.7096253196399998,7.4669444
10/02/2018 0:51,2.0,rat,2018-02-10 00:49:00,2018-02-10 00:51:00,149,1,0,2,2018-02-09 17:21:00,7.508333333,0,0,2018-02-10 00:51:00,3,4.1,83,10/02/2018 0:21,1.421052632,1.7096253196399998,7.4669444
10/02/2018 19:25,0.097399911,fast,2018-02-10 19:24:00,2018-02-10 19:25:00,13,0,1,2,2018-02-10 17:22:00,2.05,0,19,2018-02-10 19:25:00,1,0.25,47,10/02/2018 19:22,4.0,3.4273993575899997,2.0463889
10/02/2018 21:08,5.0,rat,2018-02-10 21:04:00,2018-02-10 21:11:00,222,1,0,2,2018-02-10 17:22:00,3.771111111,0,21,2018-02-10 21:08:00,7,2.8,85,10/02/2018 20:52,3.033794163,2.9003770696399997,3.7094444
10/02/2018 21:36,2.0,rat,2018-02-10 21:35:00,2018-02-10 21:36:00,75,1,0,2,2018-02-10 17:22:00,4.238611111,0,21,2018-02-10 21:36:00,8,3.633333333,92,10/02/2018 21:22,3.0,2.73928621518,4.2177778
10/02/2018 21:36,1.0,rat,2018-02-10 21:35:00,2018-02-10 21:36:00,68,1,0,2,2018-02-10 17:22:00,4.236666667,0,21,2018-02-10 21:36:00,8,3.633333333,92,10/02/2018 21:22,3.0,2.73928621518,4.2177778
10/02/2018 21:44,1.0,rat,2018-02-10 21:44:00,2018-02-10 21:51:00,6,1,0,2,2018-02-10 17:22:00,4.368333333,0,21,2018-02-10 21:44:00,8,3.633333333,92,10/02/2018 21:22,3.0,2.69210332277,4.3666667
10/02/2018 21:45,6.0,,2018-02-10 21:44:00,2018-02-10 21:51:00,86,0,0,2,2018-02-10 17:22:00,4.390555556,0,21,2018-02-10 21:45:00,8,3.633333333,92,10/02/2018 21:22,3.0,2.69210332277,4.3666667
10/02/2018 21:45,4.0,rat,2018-02-10 21:44:00,2018-02-10 21:51:00,92,1,0,2,2018-02-10 17:22:00,4.392222222,0,21,2018-02-10 21:45:00,8,3.633333333,92,10/02/2018 21:22,3.0,2.69210332277,4.3666667
10/02/2018 21:46,13.0,rat,2018-02-10 21:44:00,2018-02-10 21:51:00,137,1,0,2,2018-02-10 17:22:00,4.404722222,0,21,2018-02-10 21:46:00,8,3.633333333,92,10/02/2018 21:22,3.0,2.69210332277,4.3666667
10/02/2018 21:46,1.0,rat,2018-02-10 21:44:00,2018-02-10 21:51:00,155,1,0,2,2018-02-10 17:22:00,4.409722222,0,21,2018-02-10 21:46:00,8,3.633333333,92,10/02/2018 21:22,3.0,2.69210332277,4.3666667
10/02/2018 21:46,2.0,fast,2018-02-10 21:44:00,2018-02-10 21:51:00,158,0,1,2,2018-02-10 17:22:00,4.410555556,0,21,2018-02-10 21:46:00,8,3.633333333,92,10/02/2018 21:22,3.0,2.69210332277,4.3666667
10/02/2018 21:47,1.0,rat,2018-02-10 21:44:00,2018-02-10 21:51:00,224,1,0,2,2018-02-10 17:22:00,4.428888889,0,21,2018-02-10 21:47:00,8,3.633333333,92,10/02/2018 21:22,3.0,2.69210332277,4.3666667
11/02/2018 0:32,1.0,rat,2018-02-11 00:31:00,2018-02-11 00:33:00,35,1,0,2,2018-02-10 17:22:00,7.1725,0,0,2018-02-11 00:32:00,1,1.566666667,70,11/02/2018 0:22,1.4,1.80601571518,7.1627778
11/02/2018 1:09,5.0,pick,2018-02-11 01:09:00,2018-02-11 01:10:00,7,0,1,2,2018-02-10 17:22:00,7.794722222,0,1,2018-02-11 01:09:00,1,1.383333333,49,11/02/2018 0:52,1.024193548,1.60636871518,7.7927778
11/02/2018 1:54,0.04438061,rat,2018-02-11 01:52:00,2018-02-11 01:58:00,105,1,0,2,2018-02-10 17:22:00,8.544444444,0,1,2018-02-11 01:54:00,1,6.05,49,11/02/2018 1:52,0.88320356,1.3774084651799998,8.5152778
11/02/2018 1:55,3.0,rat,2018-02-11 01:52:00,2018-02-11 01:58:00,132,1,0,2,2018-02-10 17:22:00,8.551944444,0,1,2018-02-11 01:55:00,1,6.05,49,11/02/2018 1:52,0.88320356,1.3774084651799998,8.5152778
11/02/2018 1:56,1.0,fast,2018-02-11 01:52:00,2018-02-11 01:58:00,242,0,1,2,2018-02-10 17:22:00,8.5825,0,1,2018-02-11 01:56:00,1,6.05,49,11/02/2018 1:52,0.88320356,1.3774084651799998,8.5152778
11/02/2018 1:57,24.0,rat,2018-02-11 01:52:00,2018-02-11 01:58:00,286,1,0,2,2018-02-10 17:22:00,8.594722222,0,1,2018-02-11 01:57:00,1,6.05,49,11/02/2018 1:52,0.88320356,1.3774084651799998,8.5152778
11/02/2018 1:57,6.0,fast,2018-02-11 01:52:00,2018-02-11 01:58:00,269,0,1,2,2018-02-10 17:22:00,8.59,0,1,2018-02-11 01:57:00,1,6.05,49,11/02/2018 1:52,0.88320356,1.3774084651799998,8.5152778
13/02/2018 3:44,1.0,rat,2018-02-13 03:43:00,2018-02-13 03:45:00,77,1,0,2,2018-02-12 17:24:00,10.34222222,0,3,2018-02-13 03:44:00,2,3.35,15,13/02/2018 3:24,1.0,0.8052279272299998,10.3208333
13/02/2018 3:50,3.0,fast,2018-02-13 03:49:00,2018-02-13 03:50:00,59,0,1,2,2018-02-12 17:24:00,10.435,0,3,2018-02-13 03:50:00,2,3.35,15,13/02/2018 3:24,1.0,0.7742421424099999,10.4186111
14/02/2018 3:11,31.0,pick,2018-02-14 03:02:00,2018-02-14 03:11:00,499,0,1,2,2018-02-13 17:25:00,9.771666667,0,3,2018-02-14 03:11:00,1,8.583333333,14,14/02/2018 2:55,1.0,1.0231846803599995,9.6330556
14/02/2018 5:30,1.0,rat,2018-02-14 05:26:00,2018-02-14 05:34:00,225,1,0,2,2018-02-13 17:25:00,12.09194444,0,5,2018-02-14 05:30:00,1,8.033333333,12,14/02/2018 5:25,0.0,0.2637690696399999,12.0294444
14/02/2018 22:05,1.0,rat,2018-02-14 22:04:00,2018-02-14 22:12:00,89,1,0,2,2018-02-14 17:26:00,4.659166667,0,22,2018-02-14 22:05:00,4,5.133333333,86,14/02/2018 21:56,2.01843318,2.6072445696399997,4.6344444
14/02/2018 22:08,2.0,rat,2018-02-14 22:04:00,2018-02-14 22:12:00,259,1,0,2,2018-02-14 17:26:00,4.706388889,0,22,2018-02-14 22:08:00,4,5.133333333,86,14/02/2018 21:56,2.01843318,2.6072445696399997,4.6344444
14/02/2018 22:11,4.0,rat,2018-02-14 22:04:00,2018-02-14 22:12:00,470,1,0,2,2018-02-14 17:26:00,4.765,0,22,2018-02-14 22:11:00,4,5.133333333,86,14/02/2018 21:56,2.01843318,2.6072445696399997,4.6344444
14/02/2018 22:46,1.0,rat,2018-02-14 22:43:00,2018-02-14 22:52:00,204,1,0,2,2018-02-14 17:26:00,5.346388889,0,22,2018-02-14 22:46:00,6,3.3,103,14/02/2018 22:26,2.0,2.3995870348199997,5.2897222
14/02/2018 22:46,2.0,rat,2018-02-14 22:43:00,2018-02-14 22:52:00,187,1,0,2,2018-02-14 17:26:00,5.341666667,0,22,2018-02-14 22:46:00,6,3.3,103,14/02/2018 22:26,2.0,2.3995870348199997,5.2897222
14/02/2018 22:50,2.0,rat,2018-02-14 22:43:00,2018-02-14 22:52:00,420,1,0,2,2018-02-14 17:26:00,5.406388889,0,22,2018-02-14 22:50:00,6,3.3,103,14/02/2018 22:26,2.0,2.3995870348199997,5.2897222
14/02/2018 22:50,9.0,rat,2018-02-14 22:43:00,2018-02-14 22:52:00,434,1,0,2,2018-02-14 17:26:00,5.410277778,0,22,2018-02-14 22:50:00,6,3.3,103,14/02/2018 22:26,2.0,2.3995870348199997,5.2897222
14/02/2018 22:51,0.061201372,rat,2018-02-14 22:43:00,2018-02-14 22:52:00,512,1,0,2,2018-02-14 17:26:00,5.431944444,0,22,2018-02-14 22:51:00,6,3.3,103,14/02/2018 22:26,2.0,2.3995870348199997,5.2897222
14/02/2018 22:52,1.0,rat,2018-02-14 22:43:00,2018-02-14 22:52:00,518,1,0,2,2018-02-14 17:26:00,5.433611111,0,22,2018-02-14 22:52:00,6,3.3,103,14/02/2018 22:26,2.0,2.3995870348199997,5.2897222
15/02/2018 18:21,0.050105814,fast,2018-02-15 18:20:00,2018-02-15 18:28:00,54,0,1,2,2018-02-15 17:26:00,0.9225,0,18,2018-02-15 18:21:00,1,5.55,9,15/02/2018 17:56,4.0,3.78831325,0.9075
15/02/2018 18:52,6.0,pick,2018-02-15 18:49:00,2018-02-15 18:55:00,201,0,1,2,2018-02-15 17:26:00,1.446388889,0,18,2018-02-15 18:52:00,5,7.833333333,29,15/02/2018 18:26,4.0,3.63523293036,1.3905556
15/02/2018 18:52,6.0,bat,2018-02-15 18:49:00,2018-02-15 18:55:00,179,1,0,2,2018-02-15 17:26:00,1.440277778,0,18,2018-02-15 18:52:00,5,7.833333333,29,15/02/2018 18:26,4.0,3.63523293036,1.3905556
15/02/2018 18:54,1.0,rat,2018-02-15 18:49:00,2018-02-15 18:55:00,321,1,0,2,2018-02-15 17:26:00,1.479722222,0,18,2018-02-15 18:54:00,5,7.833333333,29,15/02/2018 18:26,4.0,3.63523293036,1.3905556
15/02/2018 19:31,1.0,fast,2018-02-15 19:30:00,2018-02-15 19:31:00,30,0,1,2,2018-02-15 17:26:00,2.085833333,0,19,2018-02-15 19:31:00,1,1.266666667,51,15/02/2018 19:26,3.322033898,3.41754025,2.0775
15/02/2018 19:31,0.085595674,attack_rat,2018-02-15 19:30:00,2018-02-15 19:31:00,71,1,0,2,2018-02-15 17:26:00,2.097222222,0,19,2018-02-15 19:31:00,1,1.266666667,51,15/02/2018 19:26,3.322033898,3.41754025,2.0775
16/02/2018 22:18,2.0,rat,2018-02-16 22:18:00,2018-02-16 22:22:00,25,1,0,2,2018-02-16 17:27:00,4.860277778,0,22,2018-02-16 22:18:00,2,1.816666667,53,16/02/2018 21:57,3.0,2.5378786772299997,4.8533333
16/02/2018 22:21,1.0,fast,2018-02-16 22:18:00,2018-02-16 22:22:00,206,0,1,2,2018-02-16 17:27:00,4.910555556,0,22,2018-02-16 22:21:00,2,1.816666667,53,16/02/2018 21:57,3.0,2.5378786772299997,4.8533333
16/02/2018 22:21,2.0,rat,2018-02-16 22:18:00,2018-02-16 22:22:00,201,1,0,2,2018-02-16 17:27:00,4.909166667,0,22,2018-02-16 22:21:00,2,1.816666667,53,16/02/2018 21:57,3.0,2.5378786772299997,4.8533333
16/02/2018 22:21,16.0,rat,2018-02-16 22:18:00,2018-02-16 22:22:00,181,1,0,2,2018-02-16 17:27:00,4.903611111,0,22,2018-02-16 22:21:00,2,1.816666667,53,16/02/2018 21:57,3.0,2.5378786772299997,4.8533333
16/02/2018 22:22,0.07570842,rat_attack,2018-02-16 22:18:00,2018-02-16 22:22:00,250,1,0,2,2018-02-16 17:27:00,4.922777778,0,22,2018-02-16 22:22:00,2,1.816666667,53,16/02/2018 21:57,3.0,2.5378786772299997,4.8533333
17/02/2018 17:42,0.050211363,fast,2018-02-17 17:40:00,2018-02-17 17:43:00,139,0,1,2,2018-02-17 17:28:00,0.247777778,0,17,2018-02-17 17:42:00,2,1.25,8,17/02/2018 17:28,4.0,4.00961507277,0.2091667
17/02/2018 20:50,2.0,rat,2018-02-17 20:49:00,2018-02-17 20:51:00,42,1,0,2,2018-02-17 17:28:00,3.376666667,0,20,2018-02-17 20:50:00,1,1.25,65,17/02/2018 20:28,3.0,3.0095314999999996,3.365
17/02/2018 20:50,1.0,rat,2018-02-17 20:49:00,2018-02-17 20:51:00,35,1,0,2,2018-02-17 17:28:00,3.374722222,0,20,2018-02-17 20:50:00,1,1.25,65,17/02/2018 20:28,3.0,3.0095314999999996,3.365
17/02/2018 20:50,2.0,rat,2018-02-17 20:49:00,2018-02-17 20:51:00,20,1,0,2,2018-02-17 17:28:00,3.370555556,0,20,2018-02-17 20:50:00,1,1.25,65,17/02/2018 20:28,3.0,3.0095314999999996,3.365
19/02/2018 0:33,0.057540536,fast,2018-02-19 00:31:00,2018-02-19 00:34:00,157,0,1,2,2018-02-18 17:29:00,7.078055556,0,0,2018-02-19 00:33:00,1,3.616666667,39,19/02/2018 0:29,2.0,1.8466845696399998,7.0344444
19/02/2018 1:33,3.0,rat,2018-02-19 01:33:00,2018-02-19 01:33:00,6,1,0,2,2018-02-18 17:29:00,8.078333333,0,1,2018-02-19 01:33:00,1,0.2,40,19/02/2018 1:29,1.301587302,1.5164043227699997,8.0766667
20/02/2018 1:49,2.0,rat,2018-02-20 01:47:00,2018-02-20 01:50:00,151,1,0,2,2018-02-19 17:30:00,8.333055556,0,1,2018-02-20 01:49:00,1,3.166666667,36,20/02/2018 1:30,2.0,1.4484468924099998,8.2911111
20/02/2018 2:12,3.0,bat,2018-02-20 02:10:00,2018-02-20 02:13:00,116,1,0,2,2018-02-19 17:30:00,8.713055556,0,2,2018-02-20 02:12:00,2,0.416666667,46,20/02/2018 2:00,2.0,1.3249439272299997,8.6808333
20/02/2018 3:10,1.0,rat,2018-02-20 03:10:00,2018-02-20 03:11:00,17,1,0,2,2018-02-19 17:30:00,9.676111111,0,3,2018-02-20 03:10:00,1,1.55,30,20/02/2018 3:00,1.822307272,1.0110368575899997,9.6713889
18/03/2018 21:37,3.0,fast,2018-03-18 21:37:00,2018-03-18 21:40:00,2,0,1,3,2018-03-18 17:50:00,3.795555556,1,21,2018-03-18 21:37:00,1,2.333333333,68,18/03/2018 21:20,3.0,2.7532720000000004,3.795
18/03/2018 21:38,2.0,fast,2018-03-18 21:37:00,2018-03-18 21:40:00,73,0,1,3,2018-03-18 17:50:00,3.815277778,1,21,2018-03-18 21:38:00,1,2.333333333,68,18/03/2018 21:20,3.0,2.7532720000000004,3.795
18/03/2018 21:39,1.0,fast,2018-03-18 21:37:00,2018-03-18 21:40:00,105,0,1,3,2018-03-18 17:50:00,3.824166667,1,21,2018-03-18 21:39:00,1,2.333333333,68,18/03/2018 21:20,3.0,2.7532720000000004,3.795
18/03/2018 21:39,2.0,fast,2018-03-18 21:37:00,2018-03-18 21:40:00,130,0,1,3,2018-03-18 17:50:00,3.831111111,1,21,2018-03-18 21:39:00,1,2.333333333,68,18/03/2018 21:20,3.0,2.7532720000000004,3.795
20/03/2018 2:11,4.0,rat_pick,2018-03-20 02:11:00,2018-03-20 02:11:00,46,1,1,3,2018-03-19 17:51:00,8.347222222,1,2,2018-03-20 02:11:00,2,4.483333333,30,20/03/2018 1:51,2.896118097,1.85264623104,8.3344444
20/03/2018 3:17,2.0,fast,2018-03-20 03:15:00,2018-03-20 03:17:00,108,0,1,3,2018-03-19 17:51:00,9.436944444,1,3,2018-03-20 03:17:00,1,1.816666667,14,20/03/2018 2:51,2.030071077,1.6398622310400002,9.4069444
29/03/2018 0:47,4.0,pick,2018-03-29 00:46:00,2018-03-29 00:55:00,71,0,1,3,2018-03-28 18:57:00,5.849444444,1,0,2018-03-29 00:47:00,1,8.633333333,56,29/03/2018 0:27,3.0,2.34958311552,5.8297222
29/03/2018 0:49,0.046019395,rat,2018-03-29 00:46:00,2018-03-29 00:55:00,192,1,0,3,2018-03-28 18:57:00,5.883055556,1,0,2018-03-29 00:49:00,1,8.633333333,56,29/03/2018 0:27,3.0,2.34958311552,5.8297222
29/03/2018 0:50,18.0,pick,2018-03-29 00:46:00,2018-03-29 00:55:00,239,0,1,3,2018-03-28 18:57:00,5.896111111,1,0,2018-03-29 00:50:00,1,8.633333333,56,29/03/2018 0:27,3.0,2.34958311552,5.8297222
29/03/2018 0:50,14.0,rat,2018-03-29 00:46:00,2018-03-29 00:55:00,250,1,0,3,2018-03-28 18:57:00,5.899166667,1,0,2018-03-29 00:50:00,1,8.633333333,56,29/03/2018 0:27,3.0,2.34958311552,5.8297222
29/03/2018 0:50,9.0,pick,2018-03-29 00:46:00,2018-03-29 00:55:00,220,0,1,3,2018-03-28 18:57:00,5.890833333,1,0,2018-03-29 00:50:00,1,8.633333333,56,29/03/2018 0:27,3.0,2.34958311552,5.8297222
29/03/2018 0:51,2.0,other_bats,2018-03-29 00:46:00,2018-03-29 00:55:00,264,1,0,3,2018-03-28 18:57:00,5.903055556,1,0,2018-03-29 00:51:00,1,8.633333333,56,29/03/2018 0:27,3.0,2.34958311552,5.8297222
29/03/2018 0:51,3.0,fast,2018-03-29 00:46:00,2018-03-29 00:55:00,265,0,1,3,2018-03-28 18:57:00,5.903333333,1,0,2018-03-29 00:51:00,1,8.633333333,56,29/03/2018 0:27,3.0,2.34958311552,5.8297222
29/03/2018 0:51,12.0,rat,2018-03-29 00:46:00,2018-03-29 00:55:00,279,1,0,3,2018-03-28 18:57:00,5.907222222,1,0,2018-03-29 00:51:00,1,8.633333333,56,29/03/2018 0:27,3.0,2.34958311552,5.8297222
29/03/2018 0:51,15.0,pick,2018-03-29 00:46:00,2018-03-29 00:55:00,295,0,1,3,2018-03-28 18:57:00,5.911666667,1,0,2018-03-29 00:51:00,1,8.633333333,56,29/03/2018 0:27,3.0,2.34958311552,5.8297222
29/03/2018 0:53,2.0,fast,2018-03-29 00:46:00,2018-03-29 00:55:00,426,0,1,3,2018-03-28 18:57:00,5.948055556,1,0,2018-03-29 00:53:00,1,8.633333333,56,29/03/2018 0:27,3.0,2.34958311552,5.8297222
29/03/2018 0:54,34.0,rat,2018-03-29 00:46:00,2018-03-29 00:55:00,452,1,0,3,2018-03-28 18:57:00,5.955277778,1,0,2018-03-29 00:54:00,1,8.633333333,56,29/03/2018 0:27,3.0,2.34958311552,5.8297222
29/03/2018 0:55,11.0,rat,2018-03-29 00:46:00,2018-03-29 00:55:00,507,1,0,3,2018-03-28 18:57:00,5.970555556,1,0,2018-03-29 00:55:00,1,8.633333333,56,29/03/2018 0:27,3.0,2.34958311552,5.8297222
29/03/2018 2:20,0.013008356,fast,2018-03-29 02:19:00,2018-03-29 02:25:00,29,0,1,3,2018-03-28 18:57:00,7.385833333,1,2,2018-03-29 02:20:00,1,5.516666667,43,29/03/2018 1:57,2.005288207,2.0424488844800006,7.3777778
29/03/2018 2:21,2.0,fast,2018-03-29 02:19:00,2018-03-29 02:25:00,135,0,1,3,2018-03-28 18:57:00,7.415277778,1,2,2018-03-29 02:21:00,1,5.516666667,43,29/03/2018 1:57,2.005288207,2.0424488844800006,7.3777778
29/03/2018 2:22,2.0,rat,2018-03-29 02:19:00,2018-03-29 02:25:00,188,1,0,3,2018-03-28 18:57:00,7.43,1,2,2018-03-29 02:22:00,1,5.516666667,43,29/03/2018 1:57,2.005288207,2.0424488844800006,7.3777778
29/03/2018 2:25,0.028276798,rat,2018-03-29 02:19:00,2018-03-29 02:25:00,329,1,0,3,2018-03-28 18:57:00,7.469166667,1,2,2018-03-29 02:25:00,1,5.516666667,43,29/03/2018 1:57,2.005288207,2.0424488844800006,7.3777778
31/03/2018 0:28,25.0,other_bats,2018-03-31 00:20:00,2018-03-31 00:28:00,517,1,0,3,2018-03-30 18:59:00,5.497777778,1,0,2018-03-31 00:28:00,1,8.683333333,69,30/03/2018 23:59,2.0,2.44393332672,5.3541667
31/03/2018 0:28,1.0,,2018-03-31 00:20:00,2018-03-31 00:28:00,507,0,0,3,2018-03-30 18:59:00,5.495,1,0,2018-03-31 00:28:00,1,8.683333333,69,30/03/2018 23:59,2.0,2.44393332672,5.3541667
31/03/2018 1:57,3.0,fast,2018-03-31 01:48:00,2018-03-31 01:58:00,537,0,1,3,2018-03-30 18:59:00,6.976944444,1,1,2018-03-31 01:57:00,1,9.533333333,55,31/03/2018 1:29,1.293103448,2.1515688844800005,6.8277778
31/03/2018 1:58,0.064154735,fast,2018-03-31 01:48:00,2018-03-31 01:58:00,572,0,1,3,2018-03-30 18:59:00,6.986666667,1,1,2018-03-31 01:58:00,1,9.533333333,55,31/03/2018 1:29,1.293103448,2.1515688844800005,6.8277778
2/04/2018 22:04,10.0,rat,2018-04-02 21:58:00,2018-04-02 22:09:00,381,1,0,4,2018-04-02 19:01:00,3.06,1,22,2018-04-02 22:04:00,1,2.75,68,2/04/2018 21:31,3.0,2.92009332672,2.9541667
2/04/2018 22:05,8.0,rat_and_bat,2018-04-02 21:58:00,2018-04-02 22:09:00,436,1,0,4,2018-04-02 19:01:00,3.075277778,1,22,2018-04-02 22:05:00,1,2.75,68,2/04/2018 21:31,3.0,2.92009332672,2.9541667
2/04/2018 22:05,2.0,fast,2018-04-02 21:58:00,2018-04-02 22:09:00,450,0,1,4,2018-04-02 19:01:00,3.079166667,1,22,2018-04-02 22:05:00,1,2.75,68,2/04/2018 21:31,3.0,2.92009332672,2.9541667
2/04/2018 22:05,6.0,rat_and_bat,2018-04-02 21:58:00,2018-04-02 22:09:00,455,1,0,4,2018-04-02 19:01:00,3.080555556,1,22,2018-04-02 22:05:00,1,2.75,68,2/04/2018 21:31,3.0,2.92009332672,2.9541667
2/04/2018 22:06,2.0,bowl_out,2018-04-02 21:58:00,2018-04-02 22:09:00,477,0,0,4,2018-04-02 19:01:00,3.086666667,1,22,2018-04-02 22:06:00,1,2.75,68,2/04/2018 21:31,3.0,2.92009332672,2.9541667
2/04/2018 22:07,0.030293066,fast,2018-04-02 21:58:00,2018-04-02 22:09:00,558,0,1,4,2018-04-02 19:01:00,3.109166667,1,22,2018-04-02 22:07:00,1,2.75,68,2/04/2018 21:31,3.0,2.92009332672,2.9541667
2/04/2018 22:09,7.0,rat,2018-04-02 21:58:00,2018-04-02 22:09:00,662,1,0,4,2018-04-02 19:01:00,3.138055556,1,22,2018-04-02 22:09:00,1,2.75,68,2/04/2018 21:31,3.0,2.92009332672,2.9541667
2/04/2018 22:09,6.0,rat,2018-04-02 21:58:00,2018-04-02 22:09:00,673,1,0,4,2018-04-02 19:01:00,3.141111111,1,22,2018-04-02 22:09:00,1,2.75,68,2/04/2018 21:31,3.0,2.92009332672,2.9541667
2/04/2018 22:09,18.0,pick,2018-04-02 21:58:00,2018-04-02 22:09:00,668,0,1,4,2018-04-02 19:01:00,3.139722222,1,22,2018-04-02 22:09:00,1,2.75,68,2/04/2018 21:31,3.0,2.92009332672,2.9541667
2/04/2018 22:09,17.0,rat_and_bat,2018-04-02 21:58:00,2018-04-02 22:09:00,695,1,0,4,2018-04-02 19:01:00,3.147222222,1,22,2018-04-02 22:09:00,1,2.75,68,2/04/2018 21:31,3.0,2.92009332672,2.9541667
2/04/2018 23:12,1.0,fast,2018-04-02 23:10:00,2018-04-02 23:18:00,128,0,1,4,2018-04-02 19:01:00,4.189444444,1,23,2018-04-02 23:12:00,1,8.45,69,2/04/2018 23:01,2.0,2.6820684422400003,4.1538889
2/04/2018 23:16,6.0,pick,2018-04-02 23:10:00,2018-04-02 23:18:00,381,0,1,4,2018-04-02 19:01:00,4.259722222,1,23,2018-04-02 23:16:00,1,8.45,69,2/04/2018 23:01,2.0,2.6820684422400003,4.1538889
2/04/2018 23:43,2.0,fast,2018-04-02 23:42:00,2018-04-02 23:48:00,80,0,1,4,2018-04-02 19:01:00,4.708055556,1,23,2018-04-02 23:43:00,1,6.516666667,91,2/04/2018 23:31,2.0,2.57653067328,4.6858333
2/04/2018 23:45,1.0,fast,2018-04-02 23:42:00,2018-04-02 23:48:00,177,0,1,4,2018-04-02 19:01:00,4.735,1,23,2018-04-02 23:45:00,1,6.516666667,91,2/04/2018 23:31,2.0,2.57653067328,4.6858333
2/04/2018 23:45,11.0,other_bat,2018-04-02 23:42:00,2018-04-02 23:48:00,223,1,0,4,2018-04-02 19:01:00,4.747777778,1,23,2018-04-02 23:45:00,1,6.516666667,91,2/04/2018 23:31,2.0,2.57653067328,4.6858333
2/04/2018 23:46,3.0,fast,2018-04-02 23:42:00,2018-04-02 23:48:00,234,0,1,4,2018-04-02 19:01:00,4.750833333,1,23,2018-04-02 23:46:00,1,6.516666667,91,2/04/2018 23:31,2.0,2.57653067328,4.6858333
2/04/2018 23:46,25.0,pick,2018-04-02 23:42:00,2018-04-02 23:48:00,239,0,1,4,2018-04-02 19:01:00,4.752222222,1,23,2018-04-02 23:46:00,1,6.516666667,91,2/04/2018 23:31,2.0,2.57653067328,4.6858333
2/04/2018 23:46,6.0,other_bats,2018-04-02 23:42:00,2018-04-02 23:48:00,238,1,0,4,2018-04-02 19:01:00,4.751944444,1,23,2018-04-02 23:46:00,1,6.516666667,91,2/04/2018 23:31,2.0,2.57653067328,4.6858333
2/04/2018 23:46,3.0,rat,2018-04-02 23:42:00,2018-04-02 23:48:00,262,1,0,4,2018-04-02 19:01:00,4.758611111,1,23,2018-04-02 23:46:00,1,6.516666667,91,2/04/2018 23:31,2.0,2.57653067328,4.6858333
2/04/2018 23:46,11.0,rat,2018-04-02 23:42:00,2018-04-02 23:48:00,287,1,0,4,2018-04-02 19:01:00,4.765555556,1,23,2018-04-02 23:46:00,1,6.516666667,91,2/04/2018 23:31,2.0,2.57653067328,4.6858333
2/04/2018 23:48,6.0,other_bats,2018-04-02 23:42:00,2018-04-02 23:48:00,360,1,0,4,2018-04-02 19:01:00,4.785833333,1,23,2018-04-02 23:48:00,1,6.516666667,91,2/04/2018 23:31,2.0,2.57653067328,4.6858333
2/04/2018 23:48,15.0,pick,2018-04-02 23:42:00,2018-04-02 23:48:00,355,0,1,4,2018-04-02 19:01:00,4.784444444,1,23,2018-04-02 23:48:00,1,6.516666667,91,2/04/2018 23:31,2.0,2.57653067328,4.6858333
3/04/2018 1:01,0.069936967,fast,2018-04-03 01:00:00,2018-04-03 01:21:00,53,0,1,4,2018-04-02 19:01:00,6.003888889,1,1,2018-04-03 01:01:00,1,0.65,67,3/04/2018 0:31,2.0,2.31794932672,5.9891667
3/04/2018 1:01,1.0,fast,2018-04-03 01:00:00,2018-04-03 01:21:00,82,0,1,4,2018-04-02 19:01:00,6.011944444,1,1,2018-04-03 01:01:00,1,0.65,67,3/04/2018 0:31,2.0,2.31794932672,5.9891667
3/04/2018 1:01,1.0,fast,2018-04-03 01:00:00,2018-04-03 01:21:00,98,0,1,4,2018-04-02 19:01:00,6.016388889,1,1,2018-04-03 01:01:00,1,0.65,67,3/04/2018 0:31,2.0,2.31794932672,5.9891667
3/04/2018 1:02,4.0,pick,2018-04-03 01:00:00,2018-04-03 01:21:00,101,0,1,4,2018-04-02 19:01:00,6.017222222,1,1,2018-04-03 01:02:00,1,0.65,67,3/04/2018 0:31,2.0,2.31794932672,5.9891667
3/04/2018 1:02,0.036982956,rat,2018-04-03 01:00:00,2018-04-03 01:21:00,112,1,0,4,2018-04-02 19:01:00,6.020277778,1,1,2018-04-03 01:02:00,1,0.65,67,3/04/2018 0:31,2.0,2.31794932672,5.9891667
3/04/2018 1:02,1.0,rat,2018-04-03 01:00:00,2018-04-03 01:21:00,120,1,0,4,2018-04-02 19:01:00,6.0225,1,1,2018-04-03 01:02:00,1,0.65,67,3/04/2018 0:31,2.0,2.31794932672,5.9891667
3/04/2018 1:02,2.0,fast,2018-04-03 01:00:00,2018-04-03 01:21:00,128,0,1,4,2018-04-02 19:01:00,6.024722222,1,1,2018-04-03 01:02:00,1,0.65,67,3/04/2018 0:31,2.0,2.31794932672,5.9891667
3/04/2018 1:03,4.0,fast,2018-04-03 01:00:00,2018-04-03 01:21:00,180,0,1,4,2018-04-02 19:01:00,6.039166667,1,1,2018-04-03 01:03:00,1,0.65,67,3/04/2018 0:31,2.0,2.31794932672,5.9891667
3/04/2018 1:04,2.0,"373.0,80.0,504.0,148.0; 274.6,110.7,382.4,267.3",2018-04-03 01:00:00,2018-04-03 01:21:00,277,0,0,4,2018-04-02 19:01:00,6.066111111,1,1,2018-04-03 01:04:00,1,0.65,67,3/04/2018 0:31,2.0,2.31794932672,5.9891667
3/04/2018 1:04,3.0,rat,2018-04-03 01:00:00,2018-04-03 01:21:00,232,1,0,4,2018-04-02 19:01:00,6.053611111,1,1,2018-04-03 01:04:00,1,0.65,67,3/04/2018 0:31,2.0,2.31794932672,5.9891667
3/04/2018 1:06,19.0,other,2018-04-03 01:00:00,2018-04-03 01:21:00,353,1,0,4,2018-04-02 19:01:00,6.087222222,1,1,2018-04-03 01:06:00,1,0.65,67,3/04/2018 0:31,2.0,2.31794932672,5.9891667
3/04/2018 1:07,3.0,fast,2018-04-03 01:00:00,2018-04-03 01:21:00,435,0,1,4,2018-04-02 19:01:00,6.11,1,1,2018-04-03 01:07:00,1,0.65,67,3/04/2018 0:31,2.0,2.31794932672,5.9891667
3/04/2018 1:10,6.0,fast,2018-04-03 01:00:00,2018-04-03 01:21:00,612,0,1,4,2018-04-02 19:01:00,6.159166667,1,1,2018-04-03 01:10:00,1,0.65,67,3/04/2018 0:31,2.0,2.31794932672,5.9891667
3/04/2018 1:12,1.0,fast,2018-04-03 01:00:00,2018-04-03 01:21:00,708,0,1,4,2018-04-02 19:01:00,6.185833333,1,1,2018-04-03 01:12:00,1,0.65,67,3/04/2018 0:31,2.0,2.31794932672,5.9891667
3/04/2018 1:13,9.0,rat,2018-04-03 01:00:00,2018-04-03 01:21:00,777,1,0,4,2018-04-02 19:01:00,6.205,1,1,2018-04-03 01:13:00,1,0.65,67,3/04/2018 0:31,2.0,2.31794932672,5.9891667
3/04/2018 1:13,23.0,rat,2018-04-03 01:00:00,2018-04-03 01:21:00,806,1,0,4,2018-04-02 19:01:00,6.213055556,1,1,2018-04-03 01:13:00,1,0.65,67,3/04/2018 0:31,2.0,2.31794932672,5.9891667
3/04/2018 1:15,155.0,eating,2018-04-03 01:00:00,2018-04-03 01:21:00,936,0,0,4,2018-04-02 19:01:00,6.249166667,1,1,2018-04-03 01:15:00,1,0.65,67,3/04/2018 0:31,2.0,2.31794932672,5.9891667
3/04/2018 1:15,1.0,"245.6,179.5,321.4,314.0; 522.4,0.3,592.0,95.5",2018-04-03 01:00:00,2018-04-03 01:21:00,903,0,0,4,2018-04-02 19:01:00,6.24,1,1,2018-04-03 01:15:00,1,0.65,67,3/04/2018 0:31,2.0,2.31794932672,5.9891667
3/04/2018 21:22,3.0,fast,2018-04-03 21:21:00,2018-04-03 21:32:00,90,0,1,4,2018-04-03 19:01:00,2.358611111,1,21,2018-04-03 21:22:00,1,9.983333333,27,3/04/2018 21:01,3.0,3.0432115577600003,2.3336111
3/04/2018 21:27,3.0,fast,2018-04-03 21:21:00,2018-04-03 21:32:00,376,0,1,4,2018-04-03 19:01:00,2.438055556,1,21,2018-04-03 21:27:00,1,9.983333333,27,3/04/2018 21:01,3.0,3.0432115577600003,2.3336111
3/04/2018 21:28,2.0,fast,2018-04-03 21:21:00,2018-04-03 21:32:00,452,0,1,4,2018-04-03 19:01:00,2.459166667,1,21,2018-04-03 21:28:00,1,9.983333333,27,3/04/2018 21:01,3.0,3.0432115577600003,2.3336111
3/04/2018 23:24,2.0,fast,2018-04-03 23:24:00,2018-04-03 23:40:00,12,0,1,4,2018-04-03 19:01:00,4.395833333,1,23,2018-04-03 23:24:00,1,6.45,53,3/04/2018 23:01,2.785298784,2.634728,4.3925
3/04/2018 23:25,9.0,rat,2018-04-03 23:24:00,2018-04-03 23:40:00,31,1,0,4,2018-04-03 19:01:00,4.401111111,1,23,2018-04-03 23:25:00,1,6.45,53,3/04/2018 23:01,2.785298784,2.634728,4.3925
3/04/2018 23:25,4.0,fast,2018-04-03 23:24:00,2018-04-03 23:40:00,58,0,1,4,2018-04-03 19:01:00,4.408611111,1,23,2018-04-03 23:25:00,1,6.45,53,3/04/2018 23:01,2.785298784,2.634728,4.3925
3/04/2018 23:27,5.0,rat,2018-04-03 23:24:00,2018-04-03 23:40:00,187,1,0,4,2018-04-03 19:01:00,4.444444444,1,23,2018-04-03 23:27:00,1,6.45,53,3/04/2018 23:01,2.785298784,2.634728,4.3925
3/04/2018 23:27,4.0,rat,2018-04-03 23:24:00,2018-04-03 23:40:00,197,1,0,4,2018-04-03 19:01:00,4.447222222,1,23,2018-04-03 23:27:00,1,6.45,53,3/04/2018 23:01,2.785298784,2.634728,4.3925
3/04/2018 23:28,1.0,fast,2018-04-03 23:24:00,2018-04-03 23:40:00,224,0,1,4,2018-04-03 19:01:00,4.454722222,1,23,2018-04-03 23:28:00,1,6.45,53,3/04/2018 23:01,2.785298784,2.634728,4.3925
3/04/2018 23:29,48.0,rat,2018-04-03 23:24:00,2018-04-03 23:40:00,312,1,0,4,2018-04-03 19:01:00,4.479166667,1,23,2018-04-03 23:29:00,1,6.45,53,3/04/2018 23:01,2.785298784,2.634728,4.3925
3/04/2018 23:29,3.0,fast,2018-04-03 23:24:00,2018-04-03 23:40:00,312,0,1,4,2018-04-03 19:01:00,4.479166667,1,23,2018-04-03 23:29:00,1,6.45,53,3/04/2018 23:01,2.785298784,2.634728,4.3925
3/04/2018 23:31,0.010238211,rat_to_bat,2018-04-03 23:24:00,2018-04-03 23:40:00,402,1,0,4,2018-04-03 19:01:00,4.504166667,1,23,2018-04-03 23:31:00,1,6.45,53,3/04/2018 23:01,2.785298784,2.634728,4.3925
3/04/2018 23:34,2.0,fast,2018-04-03 23:24:00,2018-04-03 23:40:00,597,0,1,4,2018-04-03 19:01:00,4.558333333,1,23,2018-04-03 23:34:00,1,6.45,53,3/04/2018 23:01,2.785298784,2.634728,4.3925
3/04/2018 23:40,2.0,rat,2018-04-03 23:24:00,2018-04-03 23:40:00,949,1,0,4,2018-04-03 19:01:00,4.656111111,1,23,2018-04-03 23:40:00,1,6.45,53,3/04/2018 23:01,2.785298784,2.634728,4.3925
4/04/2018 0:48,3.0,rat,2018-04-04 00:48:00,2018-04-04 00:58:00,12,1,0,4,2018-04-03 19:01:00,5.788055556,1,0,2018-04-04 00:48:00,1,10.86666667,49,4/04/2018 0:31,2.0,2.3585111155200003,5.7847222
4/04/2018 0:48,4.0,fast,2018-04-04 00:48:00,2018-04-04 00:58:00,25,0,1,4,2018-04-03 19:01:00,5.791666667,1,0,2018-04-04 00:48:00,1,10.86666667,49,4/04/2018 0:31,2.0,2.3585111155200003,5.7847222
4/04/2018 0:49,2.0,fast,2018-04-04 00:48:00,2018-04-04 00:58:00,97,0,1,4,2018-04-03 19:01:00,5.811666667,1,0,2018-04-04 00:49:00,1,10.86666667,49,4/04/2018 0:31,2.0,2.3585111155200003,5.7847222
4/04/2018 0:49,2.0,fast,2018-04-04 00:48:00,2018-04-04 00:58:00,112,0,1,4,2018-04-03 19:01:00,5.815833333,1,0,2018-04-04 00:49:00,1,10.86666667,49,4/04/2018 0:31,2.0,2.3585111155200003,5.7847222
4/04/2018 0:49,22.0,other_bats/rat,2018-04-04 00:48:00,2018-04-04 00:58:00,59,1,0,4,2018-04-03 19:01:00,5.801111111,1,0,2018-04-04 00:49:00,1,10.86666667,49,4/04/2018 0:31,2.0,2.3585111155200003,5.7847222
4/04/2018 0:49,2.0,"405.6,112.3,513.1,215.4; 464.1,197.7,614.9,334.3; 511.5,301.1,639.4,388.9",2018-04-04 00:48:00,2018-04-04 00:58:00,63,0,0,4,2018-04-03 19:01:00,5.802222222,1,0,2018-04-04 00:49:00,1,10.86666667,49,4/04/2018 0:31,2.0,2.3585111155200003,5.7847222
4/04/2018 0:50,59.0,rat,2018-04-04 00:48:00,2018-04-04 00:58:00,165,1,0,4,2018-04-03 19:01:00,5.830555556,1,0,2018-04-04 00:50:00,1,10.86666667,49,4/04/2018 0:31,2.0,2.3585111155200003,5.7847222
4/04/2018 0:51,4.0,fast,2018-04-04 00:48:00,2018-04-04 00:58:00,217,0,1,4,2018-04-03 19:01:00,5.845,1,0,2018-04-04 00:51:00,1,10.86666667,49,4/04/2018 0:31,2.0,2.3585111155200003,5.7847222
4/04/2018 0:54,1.0,rat,2018-04-04 00:48:00,2018-04-04 00:58:00,357,1,0,4,2018-04-03 19:01:00,5.883888889,1,0,2018-04-04 00:54:00,1,10.86666667,49,4/04/2018 0:31,2.0,2.3585111155200003,5.7847222
4/04/2018 0:55,14.0,rat,2018-04-04 00:48:00,2018-04-04 00:58:00,418,1,0,4,2018-04-03 19:01:00,5.900833333,1,0,2018-04-04 00:55:00,1,10.86666667,49,4/04/2018 0:31,2.0,2.3585111155200003,5.7847222
4/04/2018 0:58,1.0,fast,2018-04-04 00:48:00,2018-04-04 00:58:00,624,0,1,4,2018-04-03 19:01:00,5.958055556,1,0,2018-04-04 00:58:00,1,10.86666667,49,4/04/2018 0:31,2.0,2.3585111155200003,5.7847222
4/04/2018 0:58,0.04722604,,2018-04-04 00:48:00,2018-04-04 00:58:00,632,0,0,4,2018-04-03 19:01:00,5.960277778,1,0,2018-04-04 00:58:00,1,10.86666667,49,4/04/2018 0:31,2.0,2.3585111155200003,5.7847222
4/04/2018 0:58,0.022571773,,2018-04-04 00:48:00,2018-04-04 00:58:00,651,0,0,4,2018-04-03 19:01:00,5.965555556,10,0,2018-04-04 00:58:00,1,10.86666667,49,4/04/2018 0:31,2.0,33.91431111552001,5.7847222
9/04/2018 22:12,1.0,,2018-04-09 22:10:00,2018-04-09 22:12:00,129,0,0,4,2018-04-09 19:05:00,3.125,1,22,2018-04-09 22:12:00,1,2.466666667,85,9/04/2018 22:05,3.0,2.8933093267200003,3.0891667
9/04/2018 22:12,0.052214843,,2018-04-09 22:10:00,2018-04-09 22:12:00,139,0,0,4,2018-04-09 19:05:00,3.127777778,1,22,2018-04-09 22:12:00,1,2.466666667,85,9/04/2018 22:05,3.0,2.8933093267200003,3.0891667
15/04/2018 21:28,9.0,,2018-04-15 21:24:00,2018-04-15 21:29:00,188,0,0,4,2018-04-15 19:10:00,2.300555556,1,21,2018-04-15 21:28:00,4,14.43333333,36,15/04/2018 21:10,3.590163934,3.06013067328,2.2483333
15/04/2018 21:28,1.0,,2018-04-15 21:24:00,2018-04-15 21:29:00,238,0,0,4,2018-04-15 19:10:00,2.314444444,1,21,2018-04-15 21:28:00,4,14.43333333,36,15/04/2018 21:10,3.590163934,3.06013067328,2.2483333
18/04/2018 5:19,1.0,fast,2018-04-18 05:15:00,2018-04-18 05:25:00,263,0,1,4,2018-04-17 19:11:00,10.14944444,1,5,2018-04-18 05:19:00,1,9.7,6,18/04/2018 5:11,2.0,1.5070444422400004,10.0763889
18/04/2018 19:01,0.084689878,,2018-04-18 19:01:00,2018-04-18 19:01:00,24,0,0,4,2018-04-18 19:12:00,-0.175555556,1,19,2018-04-18 19:01:00,3,1.05,40,18/04/2018 18:42,4.0,3.54235288448,-0.1822222
18/04/2018 20:41,0.029003504,,2018-04-18 20:40:00,2018-04-18 20:43:00,71,0,0,4,2018-04-18 19:12:00,1.491944444,1,20,2018-04-18 20:41:00,1,1.666666667,25,18/04/2018 20:12,3.55,3.21411111552,1.4722222
18/04/2018 20:42,1.0,others,2018-04-18 20:40:00,2018-04-18 20:43:00,159,1,0,4,2018-04-18 19:12:00,1.516388889,1,20,2018-04-18 20:42:00,1,1.666666667,25,18/04/2018 20:12,3.55,3.21411111552,1.4722222
18/04/2018 20:43,12.0,others,2018-04-18 20:40:00,2018-04-18 20:43:00,199,1,0,4,2018-04-18 19:12:00,1.5275,1,20,2018-04-18 20:43:00,1,1.666666667,25,18/04/2018 20:12,3.55,3.21411111552,1.4722222
18/04/2018 20:59,0.093387578,,2018-04-18 20:56:00,2018-04-18 20:59:00,200,0,0,4,2018-04-18 19:12:00,1.792222222,1,20,2018-04-18 20:59:00,7,5.55,21,18/04/2018 20:42,3.091935484,3.1616453267200004,1.7366667
19/04/2018 0:19,7.0,pick,2018-04-19 00:18:00,2018-04-19 00:19:00,59,0,1,4,2018-04-18 19:12:00,5.118888889,1,0,2018-04-19 00:19:00,1,1.05,46,19/04/2018 0:12,3.589285714,2.4938640000000003,5.1025
19/04/2018 1:15,3.0,fast,2018-04-19 01:12:00,2018-04-19 01:18:00,187,0,1,4,2018-04-18 19:12:00,6.058055556,1,1,2018-04-19 01:15:00,1,6.25,42,19/04/2018 1:12,2.55,2.3145875577600004,6.0061111
19/04/2018 4:31,8.0,rat,2018-04-19 04:28:00,2018-04-19 04:34:00,200,1,0,4,2018-04-18 19:12:00,9.331666667,1,4,2018-04-19 04:31:00,1,6.05,20,19/04/2018 4:12,2.0,1.6658195577600003,9.2761111
19/04/2018 4:32,1.0,fast,2018-04-19 04:28:00,2018-04-19 04:34:00,210,0,1,4,2018-04-18 19:12:00,9.334444444,1,4,2018-04-19 04:32:00,1,6.05,20,19/04/2018 4:12,2.0,1.6658195577600003,9.2761111
19/04/2018 4:33,5.0,pick,2018-04-19 04:28:00,2018-04-19 04:34:00,274,0,1,4,2018-04-18 19:12:00,9.352222222,1,4,2018-04-19 04:33:00,1,6.05,20,19/04/2018 4:12,2.0,1.6658195577600003,9.2761111
19/04/2018 4:33,14.0,pick,2018-04-19 04:28:00,2018-04-19 04:34:00,280,0,1,4,2018-04-18 19:12:00,9.353888889,1,4,2018-04-19 04:33:00,1,6.05,20,19/04/2018 4:12,2.0,1.6658195577600003,9.2761111
19/04/2018 19:25,0.051207358,fast,2018-04-19 19:23:00,2018-04-19 19:33:00,75,0,1,4,2018-04-19 19:12:00,0.217222222,1,19,2018-04-19 19:25:00,1,9.233333333,15,19/04/2018 19:12,3.878136201,3.4672364422400004,0.1963889
19/04/2018 19:26,1.0,fast,2018-04-19 19:23:00,2018-04-19 19:33:00,167,0,1,4,2018-04-19 19:12:00,0.242777778,1,19,2018-04-19 19:26:00,1,9.233333333,15,19/04/2018 19:12,3.878136201,3.4672364422400004,0.1963889
19/04/2018 19:27,1.0,fast,2018-04-19 19:23:00,2018-04-19 19:33:00,230,0,1,4,2018-04-19 19:12:00,0.260277778,1,19,2018-04-19 19:27:00,1,9.233333333,15,19/04/2018 19:12,3.878136201,3.4672364422400004,0.1963889
19/04/2018 19:32,5.0,rat,2018-04-19 19:23:00,2018-04-19 19:33:00,547,1,0,4,2018-04-19 19:12:00,0.348333333,1,19,2018-04-19 19:32:00,1,9.233333333,15,19/04/2018 19:12,3.878136201,3.4672364422400004,0.1963889
19/04/2018 21:33,0.039785341,rat,2018-04-19 21:29:00,2018-04-19 21:39:00,220,1,0,4,2018-04-19 19:12:00,2.360555556,1,21,2018-04-19 21:33:00,1,9.516666667,20,19/04/2018 21:12,3.0,3.04999023104,2.2994444
19/04/2018 21:37,176.0,both,2018-04-19 21:29:00,2018-04-19 21:39:00,457,0,0,4,2018-04-19 19:12:00,2.426388889,1,21,2018-04-19 21:37:00,1,9.516666667,20,19/04/2018 21:12,3.0,3.04999023104,2.2994444
19/04/2018 21:38,3.0,pick,2018-04-19 21:29:00,2018-04-19 21:39:00,487,0,1,4,2018-04-19 19:12:00,2.434722222,1,21,2018-04-19 21:38:00,1,9.516666667,20,19/04/2018 21:12,3.0,3.04999023104,2.2994444
19/04/2018 21:38,2.0,rat,2018-04-19 21:29:00,2018-04-19 21:39:00,493,1,0,4,2018-04-19 19:12:00,2.436388889,1,21,2018-04-19 21:38:00,1,9.516666667,20,19/04/2018 21:12,3.0,3.04999023104,2.2994444
19/04/2018 22:34,4.0,rat,2018-04-19 22:34:00,2018-04-19 22:43:00,22,1,0,4,2018-04-19 19:12:00,3.381944444,1,22,2018-04-19 22:34:00,1,7.45,14,19/04/2018 22:12,3.0,2.8364346732800003,3.3758333
19/04/2018 22:36,237.0,both,2018-04-19 22:34:00,2018-04-19 22:43:00,109,0,0,4,2018-04-19 19:12:00,3.406111111,1,22,2018-04-19 22:36:00,1,7.45,14,19/04/2018 22:12,3.0,2.8364346732800003,3.3758333
19/04/2018 22:42,1.0,rat,2018-04-19 22:34:00,2018-04-19 22:43:00,472,1,0,4,2018-04-19 19:12:00,3.506944444,1,22,2018-04-19 22:42:00,1,7.45,14,19/04/2018 22:12,3.0,2.8364346732800003,3.3758333
20/04/2018 0:02,39.0,both,2018-04-20 00:00:00,2018-04-20 00:18:00,155,0,0,4,2018-04-19 19:12:00,4.848888889,1,0,2018-04-20 00:02:00,2,23.3,63,19/04/2018 23:42,3.0,2.5527226732800004,4.8058333
20/04/2018 0:03,14.0,rat,2018-04-20 00:00:00,2018-04-20 00:18:00,207,1,0,4,2018-04-19 19:12:00,4.863333333,1,0,2018-04-20 00:03:00,2,23.3,63,19/04/2018 23:42,3.0,2.5527226732800004,4.8058333
20/04/2018 0:03,12.0,pick,2018-04-20 00:00:00,2018-04-20 00:18:00,185,0,1,4,2018-04-19 19:12:00,4.857222222,1,0,2018-04-20 00:03:00,2,23.3,63,19/04/2018 23:42,3.0,2.5527226732800004,4.8058333
20/04/2018 0:04,0.016181067,rat,2018-04-20 00:00:00,2018-04-20 00:18:00,262,1,0,4,2018-04-19 19:12:00,4.878611111,1,0,2018-04-20 00:04:00,2,23.3,63,19/04/2018 23:42,3.0,2.5527226732800004,4.8058333
20/04/2018 0:04,5.0,rat,2018-04-20 00:00:00,2018-04-20 00:18:00,235,1,0,4,2018-04-19 19:12:00,4.871111111,1,0,2018-04-20 00:04:00,2,23.3,63,19/04/2018 23:42,3.0,2.5527226732800004,4.8058333
20/04/2018 0:05,3.0,rat_and_bat,2018-04-20 00:00:00,2018-04-20 00:18:00,320,1,0,4,2018-04-19 19:12:00,4.894722222,1,0,2018-04-20 00:05:00,2,23.3,63,19/04/2018 23:42,3.0,2.5527226732800004,4.8058333
20/04/2018 0:05,29.0,rat_and_bat,2018-04-20 00:00:00,2018-04-20 00:18:00,295,1,0,4,2018-04-19 19:12:00,4.887777778,1,0,2018-04-20 00:05:00,2,23.3,63,19/04/2018 23:42,3.0,2.5527226732800004,4.8058333
20/04/2018 0:06,18.0,rat_and_bat,2018-04-20 00:00:00,2018-04-20 00:18:00,341,1,0,4,2018-04-19 19:12:00,4.900555556,1,0,2018-04-20 00:06:00,2,23.3,63,19/04/2018 23:42,3.0,2.5527226732800004,4.8058333
20/04/2018 0:08,11.0,rat,2018-04-20 00:00:00,2018-04-20 00:18:00,508,1,0,4,2018-04-19 19:12:00,4.946944444,1,0,2018-04-20 00:08:00,2,23.3,63,19/04/2018 23:42,3.0,2.5527226732800004,4.8058333
20/04/2018 0:10,1.0,fast,2018-04-20 00:00:00,2018-04-20 00:18:00,579,0,1,4,2018-04-19 19:12:00,4.966666667,1,0,2018-04-20 00:10:00,2,23.3,63,19/04/2018 23:42,3.0,2.5527226732800004,4.8058333
20/04/2018 0:11,0.093784466,fast,2018-04-20 00:00:00,2018-04-20 00:18:00,673,0,1,4,2018-04-19 19:12:00,4.992777778,1,0,2018-04-20 00:11:00,2,23.3,63,19/04/2018 23:42,3.0,2.5527226732800004,4.8058333
20/04/2018 0:11,0.019265878,fast,2018-04-20 00:00:00,2018-04-20 00:18:00,697,0,1,4,2018-04-19 19:12:00,4.999444444,1,0,2018-04-20 00:11:00,2,23.3,63,19/04/2018 23:42,3.0,2.5527226732800004,4.8058333
20/04/2018 0:12,1.0,fast,2018-04-20 00:00:00,2018-04-20 00:18:00,711,0,1,4,2018-04-19 19:12:00,5.003333333,1,0,2018-04-20 00:12:00,2,23.3,63,19/04/2018 23:42,3.0,2.5527226732800004,4.8058333
20/04/2018 0:13,6.0,fast,2018-04-20 00:00:00,2018-04-20 00:18:00,809,0,1,4,2018-04-19 19:12:00,5.030555556,1,0,2018-04-20 00:13:00,2,23.3,63,19/04/2018 23:42,3.0,2.5527226732800004,4.8058333
20/04/2018 0:14,10.0,rat,2018-04-20 00:00:00,2018-04-20 00:18:00,825,1,0,4,2018-04-19 19:12:00,5.035,1,0,2018-04-20 00:14:00,2,23.3,63,19/04/2018 23:42,3.0,2.5527226732800004,4.8058333
20/04/2018 0:14,0.058920205,fast,2018-04-20 00:00:00,2018-04-20 00:18:00,863,0,1,4,2018-04-19 19:12:00,5.045555556,1,0,2018-04-20 00:14:00,2,23.3,63,19/04/2018 23:42,3.0,2.5527226732800004,4.8058333
20/04/2018 2:00,0.024862202,fast,2018-04-20 01:59:00,2018-04-20 02:03:00,39,0,1,4,2018-04-19 19:12:00,6.802777778,1,2,2018-04-20 02:00:00,1,3.75,43,20/04/2018 1:42,3.0,2.15867823104,6.7919444
20/04/2018 2:00,1.0,fast,2018-04-20 01:59:00,2018-04-20 02:03:00,41,0,1,4,2018-04-19 19:12:00,6.803333333,1,2,2018-04-20 02:00:00,1,3.75,43,20/04/2018 1:42,3.0,2.15867823104,6.7919444
20/04/2018 2:00,10.0,rat,2018-04-20 01:59:00,2018-04-20 02:03:00,65,1,0,4,2018-04-19 19:12:00,6.81,1,2,2018-04-20 02:00:00,1,3.75,43,20/04/2018 1:42,3.0,2.15867823104,6.7919444
20/04/2018 2:00,1.0,fast,2018-04-20 01:59:00,2018-04-20 02:03:00,84,0,1,4,2018-04-19 19:12:00,6.815277778,1,2,2018-04-20 02:00:00,1,3.75,43,20/04/2018 1:42,3.0,2.15867823104,6.7919444
20/04/2018 2:01,1.0,fast,2018-04-20 01:59:00,2018-04-20 02:03:00,122,0,1,4,2018-04-19 19:12:00,6.825833333,1,2,2018-04-20 02:01:00,1,3.75,43,20/04/2018 1:42,3.0,2.15867823104,6.7919444
20/04/2018 2:01,0.014004332,fast,2018-04-20 01:59:00,2018-04-20 02:03:00,141,0,1,4,2018-04-19 19:12:00,6.831111111,1,2,2018-04-20 02:01:00,1,3.75,43,20/04/2018 1:42,3.0,2.15867823104,6.7919444
20/04/2018 2:02,7.0,rat,2018-04-20 01:59:00,2018-04-20 02:03:00,164,1,0,4,2018-04-19 19:12:00,6.8375,1,2,2018-04-20 02:02:00,1,3.75,43,20/04/2018 1:42,3.0,2.15867823104,6.7919444
20/04/2018 2:03,7.0,pick,2018-04-20 01:59:00,2018-04-20 02:03:00,216,0,1,4,2018-04-19 19:12:00,6.851944444,1,2,2018-04-20 02:03:00,1,3.75,43,20/04/2018 1:42,3.0,2.15867823104,6.7919444
20/04/2018 2:48,1.0,,2018-04-20 02:44:00,2018-04-20 02:51:00,248,0,0,4,2018-04-19 19:12:00,7.614722222,1,2,2018-04-20 02:48:00,1,6.733333333,30,20/04/2018 2:42,3.0,2.0091066732800003,7.5458333
20/04/2018 2:48,3.0,rat,2018-04-20 02:44:00,2018-04-20 02:51:00,210,1,0,4,2018-04-19 19:12:00,7.604166667,1,2,2018-04-20 02:48:00,1,6.733333333,30,20/04/2018 2:42,3.0,2.0091066732800003,7.5458333
20/04/2018 2:48,6.0,rat,2018-04-20 02:44:00,2018-04-20 02:51:00,235,1,0,4,2018-04-19 19:12:00,7.611111111,1,2,2018-04-20 02:48:00,1,6.733333333,30,20/04/2018 2:42,3.0,2.0091066732800003,7.5458333
20/04/2018 2:49,4.0,pick,2018-04-20 02:44:00,2018-04-20 02:51:00,269,0,1,4,2018-04-19 19:12:00,7.620555556,1,2,2018-04-20 02:49:00,1,6.733333333,30,20/04/2018 2:42,3.0,2.0091066732800003,7.5458333
20/04/2018 2:49,5.0,pick,2018-04-20 02:44:00,2018-04-20 02:51:00,303,0,1,4,2018-04-19 19:12:00,7.63,1,2,2018-04-20 02:49:00,1,6.733333333,30,20/04/2018 2:42,3.0,2.0091066732800003,7.5458333
20/04/2018 2:51,26.0,,2018-04-20 02:44:00,2018-04-20 02:51:00,375,0,0,4,2018-04-19 19:12:00,7.65,1,2,2018-04-20 02:51:00,1,6.733333333,30,20/04/2018 2:42,3.0,2.0091066732800003,7.5458333
20/04/2018 3:27,4.0,fast,2018-04-20 03:24:00,2018-04-20 03:36:00,180,0,1,4,2018-04-19 19:12:00,8.251666667,1,3,2018-04-20 03:27:00,1,12.41666667,27,20/04/2018 3:12,3.0,1.8789893267200002,8.2016667
20/04/2018 3:31,4.0,fast,2018-04-20 03:24:00,2018-04-20 03:36:00,467,0,1,4,2018-04-19 19:12:00,8.331388889,1,3,2018-04-20 03:31:00,1,12.41666667,27,20/04/2018 3:12,3.0,1.8789893267200002,8.2016667
20/04/2018 3:32,10.0,rat,2018-04-20 03:24:00,2018-04-20 03:36:00,521,1,0,4,2018-04-19 19:12:00,8.346388889,1,3,2018-04-20 03:32:00,1,12.41666667,27,20/04/2018 3:12,3.0,1.8789893267200002,8.2016667
20/04/2018 3:32,10.0,pick,2018-04-20 03:24:00,2018-04-20 03:36:00,512,0,1,4,2018-04-19 19:12:00,8.343888889,1,3,2018-04-20 03:32:00,1,12.41666667,27,20/04/2018 3:12,3.0,1.8789893267200002,8.2016667
20/04/2018 3:33,3.0,fast,2018-04-20 03:24:00,2018-04-20 03:36:00,591,0,1,4,2018-04-19 19:12:00,8.365833333,1,3,2018-04-20 03:33:00,1,12.41666667,27,20/04/2018 3:12,3.0,1.8789893267200002,8.2016667
20/04/2018 3:33,2.0,fast,2018-04-20 03:24:00,2018-04-20 03:36:00,547,0,1,4,2018-04-19 19:12:00,8.353611111,1,3,2018-04-20 03:33:00,1,12.41666667,27,20/04/2018 3:12,3.0,1.8789893267200002,8.2016667
20/04/2018 3:33,1.0,fast,2018-04-20 03:24:00,2018-04-20 03:36:00,573,0,1,4,2018-04-19 19:12:00,8.360833333,1,3,2018-04-20 03:33:00,1,12.41666667,27,20/04/2018 3:12,3.0,1.8789893267200002,8.2016667
20/04/2018 3:34,3.0,pick,2018-04-20 03:24:00,2018-04-20 03:36:00,621,0,1,4,2018-04-19 19:12:00,8.374166667,1,3,2018-04-20 03:34:00,1,12.41666667,27,20/04/2018 3:12,3.0,1.8789893267200002,8.2016667
20/04/2018 3:35,73.0,rat_and_bat,2018-04-20 03:24:00,2018-04-20 03:36:00,655,1,0,4,2018-04-19 19:12:00,8.383611111,1,3,2018-04-20 03:35:00,1,12.41666667,27,20/04/2018 3:12,3.0,1.8789893267200002,8.2016667
20/04/2018 3:57,3.0,fast,2018-04-20 03:51:00,2018-04-20 04:01:00,330,0,1,4,2018-04-19 19:12:00,8.756111111,1,3,2018-04-20 03:57:00,1,9.633333333,21,20/04/2018 3:42,3.0,1.78717423104,8.6644444
20/04/2018 3:59,0.068554286,fast,2018-04-20 03:51:00,2018-04-20 04:01:00,487,0,1,4,2018-04-19 19:12:00,8.799722222,1,3,2018-04-20 03:59:00,1,9.633333333,21,20/04/2018 3:42,3.0,1.78717423104,8.6644444
20/04/2018 4:00,3.0,pick,2018-04-20 03:51:00,2018-04-20 04:01:00,522,0,1,4,2018-04-19 19:12:00,8.809444444,1,4,2018-04-20 04:00:00,1,9.633333333,21,20/04/2018 3:42,3.0,1.78717423104,8.6644444
20/04/2018 19:22,1.0,fast,2018-04-20 19:18:00,2018-04-20 19:26:00,254,0,1,4,2018-04-20 19:13:00,0.164722222,1,19,2018-04-20 19:22:00,1,7.35,20,20/04/2018 19:13,3.555555556,3.4875173267200004,0.0941667
20/04/2018 19:25,0.039481249,fast,2018-04-20 19:18:00,2018-04-20 19:26:00,440,0,1,4,2018-04-20 19:13:00,0.216388889,1,19,2018-04-20 19:25:00,1,7.35,20,20/04/2018 19:13,3.555555556,3.4875173267200004,0.0941667
20/04/2018 19:25,5.0,fast,2018-04-20 19:18:00,2018-04-20 19:26:00,383,0,1,4,2018-04-20 19:13:00,0.200555556,1,19,2018-04-20 19:25:00,1,7.35,20,20/04/2018 19:13,3.555555556,3.4875173267200004,0.0941667
20/04/2018 21:06,118.0,rat_and_pick,2018-04-20 21:05:00,2018-04-20 21:11:00,73,1,1,4,2018-04-20 19:13:00,1.891666667,1,21,2018-04-20 21:06:00,2,12.86666667,21,20/04/2018 20:43,3.0,3.13491644224,1.8713889
20/04/2018 21:11,37.0,rat,2018-04-20 21:05:00,2018-04-20 21:11:00,375,1,0,4,2018-04-20 19:13:00,1.975555556,1,21,2018-04-20 21:11:00,2,12.86666667,21,20/04/2018 20:43,3.0,3.13491644224,1.8713889
20/04/2018 21:21,109.0,rat,2018-04-20 21:20:00,2018-04-20 21:34:00,90,1,0,4,2018-04-20 19:13:00,2.141944444,1,21,2018-04-20 21:21:00,3,11.73333333,25,20/04/2018 21:13,3.0,3.08619823104,2.1169444
20/04/2018 21:22,2.0,fast,2018-04-20 21:20:00,2018-04-20 21:34:00,139,0,1,4,2018-04-20 19:13:00,2.155555556,1,21,2018-04-20 21:22:00,3,11.73333333,25,20/04/2018 21:13,3.0,3.08619823104,2.1169444
20/04/2018 21:24,25.0,pick,2018-04-20 21:20:00,2018-04-20 21:34:00,250,0,1,4,2018-04-20 19:13:00,2.186388889,1,21,2018-04-20 21:24:00,3,11.73333333,25,20/04/2018 21:13,3.0,3.08619823104,2.1169444
20/04/2018 21:27,37.0,pick,2018-04-20 21:20:00,2018-04-20 21:34:00,477,0,1,4,2018-04-20 19:13:00,2.249444444,1,21,2018-04-20 21:27:00,3,11.73333333,25,20/04/2018 21:13,3.0,3.08619823104,2.1169444
20/04/2018 21:59,2.0,pick,2018-04-20 21:59:00,2018-04-20 21:59:00,12,0,1,4,2018-04-20 19:13:00,2.772222222,1,21,2018-04-20 21:59:00,1,0.616666667,20,20/04/2018 21:43,3.0,2.95685244224,2.7688889
21/04/2018 0:49,1.0,pick,2018-04-21 00:49:00,2018-04-21 00:55:00,0,0,1,4,2018-04-20 19:13:00,5.601666667,1,0,2018-04-21 00:49:00,1,6.6,60,21/04/2018 0:43,2.085094549,2.39482932672,5.6016667
21/04/2018 0:50,28.0,bat_and_rat,2018-04-21 00:49:00,2018-04-21 00:55:00,107,1,0,4,2018-04-20 19:13:00,5.631388889,1,0,2018-04-21 00:50:00,1,6.6,60,21/04/2018 0:43,2.085094549,2.39482932672,5.6016667
21/04/2018 0:54,2.0,bat_fight,2018-04-21 00:49:00,2018-04-21 00:55:00,349,1,0,4,2018-04-20 19:13:00,5.698611111,1,0,2018-04-21 00:54:00,1,6.6,60,21/04/2018 0:43,2.085094549,2.39482932672,5.6016667
21/04/2018 0:54,17.0,pick,2018-04-21 00:49:00,2018-04-21 00:55:00,336,0,1,4,2018-04-20 19:13:00,5.695,1,0,2018-04-21 00:54:00,1,6.6,60,21/04/2018 0:43,2.085094549,2.39482932672,5.6016667
21/04/2018 0:55,0.071239584,fast,2018-04-21 00:49:00,2018-04-21 00:55:00,383,0,1,4,2018-04-20 19:13:00,5.708055556,1,0,2018-04-21 00:55:00,1,6.6,60,21/04/2018 0:43,2.085094549,2.39482932672,5.6016667
21/04/2018 1:44,11.0,rat,2018-04-21 01:43:00,2018-04-21 01:45:00,25,1,0,4,2018-04-20 19:13:00,6.516666667,1,1,2018-04-21 01:44:00,3,13.93333333,56,21/04/2018 1:43,2.0,2.2146711155200003,6.5097222
21/04/2018 2:08,5.0,bats,2018-04-21 02:06:00,2018-04-21 02:18:00,121,1,0,4,2018-04-20 19:13:00,6.933055556,1,2,2018-04-21 02:08:00,3,13.93333333,56,21/04/2018 1:43,2.0,2.13735023104,6.8994444
21/04/2018 2:09,0.033235649,fast,2018-04-21 02:06:00,2018-04-21 02:18:00,150,0,1,4,2018-04-20 19:13:00,6.941111111,1,2,2018-04-21 02:09:00,3,13.93333333,56,21/04/2018 1:43,2.0,2.13735023104,6.8994444
21/04/2018 2:09,3.0,pick,2018-04-21 02:06:00,2018-04-21 02:18:00,172,0,1,4,2018-04-20 19:13:00,6.947222222,1,2,2018-04-21 02:09:00,3,13.93333333,56,21/04/2018 1:43,2.0,2.13735023104,6.8994444
21/04/2018 2:14,15.0,rat,2018-04-21 02:06:00,2018-04-21 02:18:00,460,1,0,4,2018-04-20 19:13:00,7.027222222,1,2,2018-04-21 02:14:00,3,13.93333333,56,21/04/2018 1:43,2.0,2.13735023104,6.8994444
21/04/2018 2:15,1.0,fast,2018-04-21 02:06:00,2018-04-21 02:18:00,482,0,1,4,2018-04-20 19:13:00,7.033333333,1,2,2018-04-21 02:15:00,3,13.93333333,56,21/04/2018 1:43,2.0,2.13735023104,6.8994444
21/04/2018 2:16,1.0,rat,2018-04-21 02:06:00,2018-04-21 02:18:00,580,1,0,4,2018-04-20 19:13:00,7.060555556,1,2,2018-04-21 02:16:00,3,13.93333333,56,21/04/2018 1:43,2.0,2.13735023104,6.8994444
21/04/2018 2:16,17.0,rat,2018-04-21 02:06:00,2018-04-21 02:18:00,587,1,0,4,2018-04-20 19:13:00,7.0625,1,2,2018-04-21 02:16:00,3,13.93333333,56,21/04/2018 1:43,2.0,2.13735023104,6.8994444
21/04/2018 2:17,2.0,bat,2018-04-21 02:06:00,2018-04-21 02:18:00,628,1,0,4,2018-04-20 19:13:00,7.073888889,1,2,2018-04-21 02:17:00,3,13.93333333,56,21/04/2018 1:43,2.0,2.13735023104,6.8994444
21/04/2018 2:17,0.057320093,no_food,2018-04-21 02:06:00,2018-04-21 02:18:00,629,0,0,4,2018-04-20 19:13:00,7.074166667,1,2,2018-04-21 02:17:00,3,13.93333333,56,21/04/2018 1:43,2.0,2.13735023104,6.8994444
21/04/2018 2:17,4.0,bat_fight,2018-04-21 02:06:00,2018-04-21 02:18:00,619,1,0,4,2018-04-20 19:13:00,7.071388889,1,2,2018-04-21 02:17:00,3,13.93333333,56,21/04/2018 1:43,2.0,2.13735023104,6.8994444
21/04/2018 2:17,1.0,fight,2018-04-21 02:06:00,2018-04-21 02:18:00,621,0,0,4,2018-04-20 19:13:00,7.071944444,1,2,2018-04-21 02:17:00,3,13.93333333,56,21/04/2018 1:43,2.0,2.13735023104,6.8994444
21/04/2018 2:17,0.0502264,fast,2018-04-21 02:06:00,2018-04-21 02:18:00,603,0,1,4,2018-04-20 19:13:00,7.066944444,1,2,2018-04-21 02:17:00,3,13.93333333,56,21/04/2018 1:43,2.0,2.13735023104,6.8994444
21/04/2018 2:17,2.0,fast,2018-04-21 02:06:00,2018-04-21 02:18:00,638,0,1,4,2018-04-20 19:13:00,7.076666667,1,2,2018-04-21 02:17:00,3,13.93333333,56,21/04/2018 1:43,2.0,2.13735023104,6.8994444
21/04/2018 3:26,1.0,fast,2018-04-21 03:21:00,2018-04-21 03:26:00,261,0,1,4,2018-04-20 19:13:00,8.218611111,1,3,2018-04-21 03:26:00,2,5.016666667,40,21/04/2018 3:13,1.533333333,1.89001155776,8.1461111
21/04/2018 3:26,6.0,rat,2018-04-21 03:21:00,2018-04-21 03:26:00,279,1,0,4,2018-04-20 19:13:00,8.223611111,1,3,2018-04-21 03:26:00,2,5.016666667,40,21/04/2018 3:13,1.533333333,1.89001155776,8.1461111
21/04/2018 5:54,4.0,fast,2018-04-21 05:50:00,2018-04-21 06:09:00,285,0,1,4,2018-04-20 19:13:00,10.69888889,1,5,2018-04-21 05:54:00,4,25.01666667,11,21/04/2018 5:43,0.0,1.3992471155200001,10.6197222
21/04/2018 19:30,4.0,rat,2018-04-21 19:30:00,2018-04-21 19:35:00,24,1,0,4,2018-04-21 19:14:00,0.276944444,1,19,2018-04-21 19:30:00,1,4.916666667,26,21/04/2018 19:14,3.534482759,3.45257688448,0.2702778
21/04/2018 19:58,1.0,fast,2018-04-21 19:57:00,2018-04-21 20:06:00,17,0,1,4,2018-04-21 19:14:00,0.736388889,1,19,2018-04-21 19:58:00,2,16.8,45,21/04/2018 19:44,3.0756396,3.36103732672,0.7316667
21/04/2018 19:59,20.0,pick_and_others,2018-04-21 19:57:00,2018-04-21 20:06:00,108,1,1,4,2018-04-21 19:14:00,0.761666667,1,19,2018-04-21 19:59:00,2,16.8,45,21/04/2018 19:44,3.0756396,3.36103732672,0.7316667
21/04/2018 20:00,9.0,rat,2018-04-21 19:57:00,2018-04-21 20:06:00,130,1,0,4,2018-04-21 19:14:00,0.767777778,1,20,2018-04-21 20:00:00,2,16.8,45,21/04/2018 19:44,3.0756396,3.36103732672,0.7316667
21/04/2018 20:05,54.0,pick_and_others,2018-04-21 19:57:00,2018-04-21 20:06:00,474,1,1,4,2018-04-21 19:14:00,0.863333333,1,20,2018-04-21 20:05:00,2,16.8,45,21/04/2018 19:44,3.0756396,3.36103732672,0.7316667
21/04/2018 22:57,25.0,pick,2018-04-21 22:57:00,2018-04-21 22:59:00,22,0,1,4,2018-04-21 19:14:00,3.730833333,1,22,2018-04-21 22:57:00,1,1.983333333,75,21/04/2018 22:44,2.947076613,2.76721511552,3.7247222
21/04/2018 22:57,1.0,fast,2018-04-21 22:57:00,2018-04-21 22:59:00,7,0,1,4,2018-04-21 19:14:00,3.726666667,1,22,2018-04-21 22:57:00,1,1.983333333,75,21/04/2018 22:44,2.947076613,2.76721511552,3.7247222
21/04/2018 22:58,14.0,pick_and_others,2018-04-21 22:57:00,2018-04-21 22:59:00,88,1,1,4,2018-04-21 19:14:00,3.749166667,1,22,2018-04-21 22:58:00,1,1.983333333,75,21/04/2018 22:44,2.947076613,2.76721511552,3.7247222
21/04/2018 22:59,8.0,bat,2018-04-21 22:57:00,2018-04-21 22:59:00,97,1,0,4,2018-04-21 19:14:00,3.751666667,1,22,2018-04-21 22:59:00,1,1.983333333,75,21/04/2018 22:44,2.947076613,2.76721511552,3.7247222
21/04/2018 22:59,6.0,pick,2018-04-21 22:57:00,2018-04-21 22:59:00,102,0,1,4,2018-04-21 19:14:00,3.753055556,1,22,2018-04-21 22:59:00,1,1.983333333,75,21/04/2018 22:44,2.947076613,2.76721511552,3.7247222
21/04/2018 23:52,6.0,pick,2018-04-21 23:50:00,2018-04-21 23:56:00,126,0,1,4,2018-04-21 19:14:00,4.644722222,1,23,2018-04-21 23:52:00,1,6.333333333,56,21/04/2018 23:44,2.105846774,2.5916311155200003,4.6097222
21/04/2018 23:52,26.0,pick_and_others,2018-04-21 23:50:00,2018-04-21 23:56:00,112,1,1,4,2018-04-21 19:14:00,4.640833333,1,23,2018-04-21 23:52:00,1,6.333333333,56,21/04/2018 23:44,2.105846774,2.5916311155200003,4.6097222
21/04/2018 23:53,24.0,pick_and_bat,2018-04-21 23:50:00,2018-04-21 23:56:00,196,1,1,4,2018-04-21 19:14:00,4.664166667,1,23,2018-04-21 23:53:00,1,6.333333333,56,21/04/2018 23:44,2.105846774,2.5916311155200003,4.6097222
21/04/2018 23:54,1.0,fast,2018-04-21 23:50:00,2018-04-21 23:56:00,258,0,1,4,2018-04-21 19:14:00,4.681388889,1,23,2018-04-21 23:54:00,1,6.333333333,56,21/04/2018 23:44,2.105846774,2.5916311155200003,4.6097222
21/04/2018 23:55,19.0,fast,2018-04-21 23:50:00,2018-04-21 23:56:00,287,0,1,4,2018-04-21 19:14:00,4.689444444,1,23,2018-04-21 23:55:00,1,6.333333333,56,21/04/2018 23:44,2.105846774,2.5916311155200003,4.6097222
22/04/2018 1:25,3.0,fast,2018-04-22 01:25:00,2018-04-22 01:26:00,0,0,1,4,2018-04-21 19:14:00,6.1875,1,1,2018-04-22 01:25:00,3,2.716666667,57,22/04/2018 1:14,2.0,2.2786,6.1875
22/04/2018 1:25,6.0,pick,2018-04-22 01:25:00,2018-04-22 01:26:00,14,0,1,4,2018-04-21 19:14:00,6.191388889,1,1,2018-04-22 01:25:00,3,2.716666667,57,22/04/2018 1:14,2.0,2.2786,6.1875
22/04/2018 1:26,1.0,fast,2018-04-22 01:25:00,2018-04-22 01:26:00,48,0,1,4,2018-04-21 19:14:00,6.200833333,1,1,2018-04-22 01:26:00,3,2.716666667,57,22/04/2018 1:14,2.0,2.2786,6.1875
22/04/2018 1:49,7.0,bats,2018-04-22 01:48:00,2018-04-22 01:50:00,28,1,0,4,2018-04-21 19:14:00,6.583333333,1,1,2018-04-22 01:49:00,2,2.866666667,49,22/04/2018 1:44,2.0,2.20160976896,6.5755556
22/04/2018 1:49,1.0,pick,2018-04-22 01:48:00,2018-04-22 01:50:00,59,0,1,4,2018-04-21 19:14:00,6.591944444,1,1,2018-04-22 01:49:00,2,2.866666667,49,22/04/2018 1:44,2.0,2.20160976896,6.5755556
22/04/2018 1:50,16.0,bats,2018-04-22 01:48:00,2018-04-22 01:50:00,109,1,0,4,2018-04-21 19:14:00,6.605833333,1,1,2018-04-22 01:50:00,2,2.866666667,49,22/04/2018 1:44,2.0,2.20160976896,6.5755556
22/04/2018 2:13,11.0,pick,2018-04-22 02:13:00,2018-04-22 02:17:00,23,0,1,4,2018-04-21 19:14:00,6.989722222,1,2,2018-04-22 02:13:00,2,2.866666667,49,22/04/2018 1:44,2.0,2.12070667328,6.9833333
22/04/2018 2:15,18.0,pick,2018-04-22 02:13:00,2018-04-22 02:17:00,141,0,1,4,2018-04-21 19:14:00,7.0225,1,2,2018-04-22 02:15:00,2,2.866666667,49,22/04/2018 1:44,2.0,2.12070667328,6.9833333
22/04/2018 2:16,2.0,pick,2018-04-22 02:13:00,2018-04-22 02:17:00,191,0,1,4,2018-04-21 19:14:00,7.036388889,1,2,2018-04-22 02:16:00,2,2.866666667,49,22/04/2018 1:44,2.0,2.12070667328,6.9833333
22/04/2018 3:36,2.0,fast,2018-04-22 03:31:00,2018-04-22 03:44:00,309,0,1,4,2018-04-21 19:14:00,8.379722222,1,3,2018-04-22 03:36:00,2,24.73333333,20,22/04/2018 3:14,2.0,1.8606924422400002,8.2938889
22/04/2018 3:39,7.0,pick,2018-04-22 03:31:00,2018-04-22 03:44:00,501,0,1,4,2018-04-21 19:14:00,8.433055556,1,3,2018-04-22 03:39:00,2,24.73333333,20,22/04/2018 3:14,2.0,1.8606924422400002,8.2938889
22/04/2018 3:39,1.0,fast,2018-04-22 03:31:00,2018-04-22 03:44:00,482,0,1,4,2018-04-21 19:14:00,8.427777778,1,3,2018-04-22 03:39:00,2,24.73333333,20,22/04/2018 3:14,2.0,1.8606924422400002,8.2938889
22/04/2018 3:42,71.0,bat,2018-04-22 03:31:00,2018-04-22 03:44:00,666,1,0,4,2018-04-21 19:14:00,8.478888889,1,3,2018-04-22 03:42:00,2,24.73333333,20,22/04/2018 3:14,2.0,1.8606924422400002,8.2938889
22/04/2018 3:42,6.0,pick,2018-04-22 03:31:00,2018-04-22 03:44:00,659,0,1,4,2018-04-21 19:14:00,8.476944444,1,3,2018-04-22 03:42:00,2,24.73333333,20,22/04/2018 3:14,2.0,1.8606924422400002,8.2938889
22/04/2018 3:43,5.0,fast,2018-04-22 03:31:00,2018-04-22 03:44:00,707,0,1,4,2018-04-21 19:14:00,8.490277778,1,3,2018-04-22 03:43:00,2,24.73333333,20,22/04/2018 3:14,2.0,1.8606924422400002,8.2938889
22/04/2018 3:43,2.0,fast,2018-04-22 03:31:00,2018-04-22 03:44:00,722,0,1,4,2018-04-21 19:14:00,8.494444444,1,3,2018-04-22 03:43:00,2,24.73333333,20,22/04/2018 3:14,2.0,1.8606924422400002,8.2938889
22/04/2018 3:43,23.0,bat_and_rat,2018-04-22 03:31:00,2018-04-22 03:44:00,734,1,0,4,2018-04-21 19:14:00,8.497777778,1,3,2018-04-22 03:43:00,2,24.73333333,20,22/04/2018 3:14,2.0,1.8606924422400002,8.2938889
22/04/2018 3:44,13.0,pick_and_rat,2018-04-22 03:31:00,2018-04-22 03:44:00,769,1,1,4,2018-04-21 19:14:00,8.5075,1,3,2018-04-22 03:44:00,2,24.73333333,20,22/04/2018 3:14,2.0,1.8606924422400002,8.2938889
22/04/2018 5:27,2.0,fast,2018-04-22 05:21:00,2018-04-22 05:55:00,372,0,1,4,2018-04-21 19:14:00,10.23305556,1,5,2018-04-22 05:27:00,5,48.68333333,10,22/04/2018 5:14,2.0,1.49646311552,10.1297222
22/04/2018 19:38,5.0,bat,2018-04-22 19:38:00,2018-04-22 19:42:00,9,1,0,4,2018-04-22 19:14:00,0.4025,1,19,2018-04-22 19:38:00,2,5.833333333,23,22/04/2018 19:14,3.618181818,3.4268400000000003,0.4
22/04/2018 19:41,2.0,fast,2018-04-22 19:38:00,2018-04-22 19:42:00,203,0,1,4,2018-04-22 19:14:00,0.456388889,1,19,2018-04-22 19:41:00,2,5.833333333,23,22/04/2018 19:14,3.618181818,3.4268400000000003,0.4
23/04/2018 0:11,7.0,pick,2018-04-23 00:08:00,2018-04-23 00:12:00,161,0,1,4,2018-04-22 19:14:00,4.955,1,0,2018-04-23 00:11:00,1,4.15,57,22/04/2018 23:44,2.074357572,2.5320008844800004,4.9102778
23/04/2018 0:12,2.0,pick,2018-04-23 00:08:00,2018-04-23 00:12:00,238,0,1,4,2018-04-22 19:14:00,4.976388889,1,0,2018-04-23 00:12:00,1,4.15,57,22/04/2018 23:44,2.074357572,2.5320008844800004,4.9102778
23/04/2018 0:46,5.0,fast,2018-04-23 00:45:00,2018-04-23 00:50:00,64,0,1,4,2018-04-22 19:14:00,5.536388889,1,0,2018-04-23 00:46:00,2,9.266666667,61,23/04/2018 0:44,1.943548387,2.4113075577600003,5.5186111
23/04/2018 0:47,4.0,pick,2018-04-23 00:45:00,2018-04-23 00:50:00,161,0,1,4,2018-04-22 19:14:00,5.563333333,1,0,2018-04-23 00:47:00,2,9.266666667,61,23/04/2018 0:44,1.943548387,2.4113075577600003,5.5186111
23/04/2018 0:48,4.0,pick,2018-04-23 00:45:00,2018-04-23 00:50:00,174,0,1,4,2018-04-22 19:14:00,5.566944444,1,0,2018-04-23 00:48:00,2,9.266666667,61,23/04/2018 0:44,1.943548387,2.4113075577600003,5.5186111
23/04/2018 0:49,4.0,pick,2018-04-23 00:45:00,2018-04-23 00:50:00,263,0,1,4,2018-04-22 19:14:00,5.591666667,1,0,2018-04-23 00:49:00,2,9.266666667,61,23/04/2018 0:44,1.943548387,2.4113075577600003,5.5186111
23/04/2018 0:49,16.0,pick,2018-04-23 00:45:00,2018-04-23 00:50:00,276,0,1,4,2018-04-22 19:14:00,5.595277778,1,0,2018-04-23 00:49:00,2,9.266666667,61,23/04/2018 0:44,1.943548387,2.4113075577600003,5.5186111
23/04/2018 1:08,1.0,fast,2018-04-23 01:07:00,2018-04-23 01:10:00,105,0,1,4,2018-04-22 19:14:00,5.916111111,1,1,2018-04-23 01:08:00,2,9.266666667,61,23/04/2018 0:44,1.943548387,2.3382302310400003,5.8869444
23/04/2018 1:10,2.0,fast,2018-04-23 01:07:00,2018-04-23 01:10:00,183,0,1,4,2018-04-22 19:14:00,5.937777778,1,1,2018-04-23 01:10:00,2,9.266666667,61,23/04/2018 0:44,1.943548387,2.3382302310400003,5.8869444
23/04/2018 1:41,3.0,pick,2018-04-23 01:41:00,2018-04-23 01:44:00,1,0,1,4,2018-04-22 19:14:00,6.456111111,1,1,2018-04-23 01:41:00,3,1.066666667,60,23/04/2018 1:14,1.516666667,2.2253626732800003,6.4558333
23/04/2018 19:51,2.0,fast_and_pick,2018-04-23 19:51:00,2018-04-23 19:51:00,5,0,1,4,2018-04-23 19:15:00,0.605555556,1,19,2018-04-23 19:51:00,1,0.15,52,23/04/2018 19:45,3.949388209,3.3863333267200004,0.6041667
24/04/2018 3:57,27.0,other directions,2018-04-24 03:51:00,2018-04-24 03:57:00,389,1,0,4,2018-04-23 19:15:00,8.714444444,1,3,2018-04-24 03:57:00,1,6.55,16,24/04/2018 3:45,2.065609623,1.7986924422400001,8.6063889
24/04/2018 5:16,5.0,,2018-04-24 05:14:00,2018-04-24 05:19:00,72,0,0,4,2018-04-23 19:15:00,10.01916667,1,5,2018-04-24 05:16:00,3,1.083333333,6,24/04/2018 4:45,2.0,1.5223653267200004,9.9991667
25/04/2018 19:25,30.0,pick_and_rat,2018-04-25 19:24:00,2018-04-25 19:32:00,57,1,1,4,2018-04-25 19:17:00,0.138611111,1,19,2018-04-25 19:25:00,1,7.716666667,7,25/04/2018 19:17,4.0,3.4818408844800004,0.1227778
25/04/2018 19:31,28.0,pick,2018-04-25 19:24:00,2018-04-25 19:32:00,433,0,1,4,2018-04-25 19:17:00,0.243055556,1,19,2018-04-25 19:31:00,1,7.716666667,7,25/04/2018 19:17,4.0,3.4818408844800004,0.1227778
26/04/2018 21:25,5.0,bat_and_rat,2018-04-26 21:24:00,2018-04-26 21:26:00,66,1,0,4,2018-04-26 19:17:00,2.148055556,1,21,2018-04-26 21:25:00,1,1.7,84,26/04/2018 21:17,3.0,3.0836631155200003,2.1297222
26/04/2018 21:25,2.0,bat_and_rat,2018-04-26 21:24:00,2018-04-26 21:26:00,29,1,0,4,2018-04-26 19:17:00,2.137777778,1,21,2018-04-26 21:25:00,1,1.7,84,26/04/2018 21:17,3.0,3.0836631155200003,2.1297222
26/04/2018 21:25,6.0,rat,2018-04-26 21:24:00,2018-04-26 21:26:00,22,1,0,4,2018-04-26 19:17:00,2.135833333,1,21,2018-04-26 21:25:00,1,1.7,84,26/04/2018 21:17,3.0,3.0836631155200003,2.1297222
26/04/2018 21:25,68.0,pick_and_all,2018-04-26 21:24:00,2018-04-26 21:26:00,19,1,1,4,2018-04-26 19:17:00,2.135,1,21,2018-04-26 21:25:00,1,1.7,84,26/04/2018 21:17,3.0,3.0836631155200003,2.1297222
26/04/2018 21:25,8.0,bat_and_pick,2018-04-26 21:24:00,2018-04-26 21:26:00,45,1,1,4,2018-04-26 19:17:00,2.142222222,1,21,2018-04-26 21:25:00,1,1.7,84,26/04/2018 21:17,3.0,3.0836631155200003,2.1297222
26/04/2018 21:26,15.0,bat_fight,2018-04-26 21:24:00,2018-04-26 21:26:00,88,1,0,4,2018-04-26 19:17:00,2.154166667,1,21,2018-04-26 21:26:00,1,1.7,84,26/04/2018 21:17,3.0,3.0836631155200003,2.1297222
26/04/2018 21:26,4.0,bat_fight_and_pick,2018-04-26 21:24:00,2018-04-26 21:26:00,101,1,1,4,2018-04-26 19:17:00,2.157777778,1,21,2018-04-26 21:26:00,1,1.7,84,26/04/2018 21:17,3.0,3.0836631155200003,2.1297222
26/04/2018 21:26,2.0,bat_fight,2018-04-26 21:24:00,2018-04-26 21:26:00,76,1,0,4,2018-04-26 19:17:00,2.150833333,1,21,2018-04-26 21:26:00,1,1.7,84,26/04/2018 21:17,3.0,3.0836631155200003,2.1297222
26/04/2018 22:25,15.0,bat,2018-04-26 22:25:00,2018-04-26 22:36:00,16,1,0,4,2018-04-26 19:17:00,3.148055556,1,22,2018-04-26 22:25:00,2,21.3,79,26/04/2018 22:17,3.0,2.8825075577600003,3.1436111
26/04/2018 22:26,18.0,bat_and_pick,2018-04-26 22:25:00,2018-04-26 22:36:00,33,1,1,4,2018-04-26 19:17:00,3.152777778,1,22,2018-04-26 22:26:00,2,21.3,79,26/04/2018 22:17,3.0,2.8825075577600003,3.1436111
26/04/2018 22:26,3.0,pick,2018-04-26 22:25:00,2018-04-26 22:36:00,65,0,1,4,2018-04-26 19:17:00,3.161666667,1,22,2018-04-26 22:26:00,2,21.3,79,26/04/2018 22:17,3.0,2.8825075577600003,3.1436111
26/04/2018 22:26,13.0,bat_and_pick,2018-04-26 22:25:00,2018-04-26 22:36:00,81,1,1,4,2018-04-26 19:17:00,3.166111111,1,22,2018-04-26 22:26:00,2,21.3,79,26/04/2018 22:17,3.0,2.8825075577600003,3.1436111
26/04/2018 22:26,14.0,bat_and_pick,2018-04-26 22:25:00,2018-04-26 22:36:00,81,1,1,4,2018-04-26 19:17:00,3.166111111,1,22,2018-04-26 22:26:00,2,21.3,79,26/04/2018 22:17,3.0,2.8825075577600003,3.1436111
26/04/2018 22:27,7.0,bat_and_rat,2018-04-26 22:25:00,2018-04-26 22:36:00,126,1,0,4,2018-04-26 19:17:00,3.178611111,1,22,2018-04-26 22:27:00,2,21.3,79,26/04/2018 22:17,3.0,2.8825075577600003,3.1436111
26/04/2018 22:27,1.0,"187.0,152.0,304.0,240.0; 567.9,88.6,621.1,140.3",2018-04-26 22:25:00,2018-04-26 22:36:00,124,0,0,4,2018-04-26 19:17:00,3.178055556,1,22,2018-04-26 22:27:00,2,21.3,79,26/04/2018 22:17,3.0,2.8825075577600003,3.1436111
26/04/2018 22:27,10.0,bat_and_pick,2018-04-26 22:25:00,2018-04-26 22:36:00,92,1,1,4,2018-04-26 19:17:00,3.169166667,1,22,2018-04-26 22:27:00,2,21.3,79,26/04/2018 22:17,3.0,2.8825075577600003,3.1436111
26/04/2018 22:28,16.0,bat_and_pick,2018-04-26 22:25:00,2018-04-26 22:36:00,183,1,1,4,2018-04-26 19:17:00,3.194444444,1,22,2018-04-26 22:28:00,2,21.3,79,26/04/2018 22:17,3.0,2.8825075577600003,3.1436111
26/04/2018 22:28,3.0,pick,2018-04-26 22:25:00,2018-04-26 22:36:00,202,0,1,4,2018-04-26 19:17:00,3.199722222,1,22,2018-04-26 22:28:00,2,21.3,79,26/04/2018 22:17,3.0,2.8825075577600003,3.1436111
26/04/2018 22:29,1.0,fast,2018-04-26 22:25:00,2018-04-26 22:36:00,215,0,1,4,2018-04-26 19:17:00,3.203333333,1,22,2018-04-26 22:29:00,2,21.3,79,26/04/2018 22:17,3.0,2.8825075577600003,3.1436111
26/04/2018 22:30,1.0,"397.7,159.7,580.2,330.5; 252.0,92.0,346.0,149.0",2018-04-26 22:25:00,2018-04-26 22:36:00,311,0,0,4,2018-04-26 19:17:00,3.23,1,22,2018-04-26 22:30:00,2,21.3,79,26/04/2018 22:17,3.0,2.8825075577600003,3.1436111
26/04/2018 22:30,4.0,pick,2018-04-26 22:25:00,2018-04-26 22:36:00,318,0,1,4,2018-04-26 19:17:00,3.231944444,1,22,2018-04-26 22:30:00,2,21.3,79,26/04/2018 22:17,3.0,2.8825075577600003,3.1436111
26/04/2018 22:30,5.0,pick_and_bat,2018-04-26 22:25:00,2018-04-26 22:36:00,322,1,1,4,2018-04-26 19:17:00,3.233055556,1,22,2018-04-26 22:30:00,2,21.3,79,26/04/2018 22:17,3.0,2.8825075577600003,3.1436111
26/04/2018 22:30,23.0,bat,2018-04-26 22:25:00,2018-04-26 22:36:00,274,1,0,4,2018-04-26 19:17:00,3.219722222,1,22,2018-04-26 22:30:00,2,21.3,79,26/04/2018 22:17,3.0,2.8825075577600003,3.1436111
26/04/2018 22:30,0.078814418,"44.0,77.0,157.0,240.0; 253.0,96.0,346.0,147.0",2018-04-26 22:25:00,2018-04-26 22:36:00,306,0,0,4,2018-04-26 19:17:00,3.228611111,1,22,2018-04-26 22:30:00,2,21.3,79,26/04/2018 22:17,3.0,2.8825075577600003,3.1436111
26/04/2018 22:31,3.0,fast,2018-04-26 22:25:00,2018-04-26 22:36:00,326,0,1,4,2018-04-26 19:17:00,3.234166667,1,22,2018-04-26 22:31:00,2,21.3,79,26/04/2018 22:17,3.0,2.8825075577600003,3.1436111
26/04/2018 22:31,2.0,fast,2018-04-26 22:25:00,2018-04-26 22:36:00,340,0,1,4,2018-04-26 19:17:00,3.238055556,1,22,2018-04-26 22:31:00,2,21.3,79,26/04/2018 22:17,3.0,2.8825075577600003,3.1436111
26/04/2018 22:31,55.0,bat_and_pick,2018-04-26 22:25:00,2018-04-26 22:36:00,343,1,1,4,2018-04-26 19:17:00,3.238888889,1,22,2018-04-26 22:31:00,2,21.3,79,26/04/2018 22:17,3.0,2.8825075577600003,3.1436111
26/04/2018 22:32,3.0,fast,2018-04-26 22:25:00,2018-04-26 22:36:00,392,0,1,4,2018-04-26 19:17:00,3.2525,1,22,2018-04-26 22:32:00,2,21.3,79,26/04/2018 22:17,3.0,2.8825075577600003,3.1436111
26/04/2018 22:32,3.0,"218.0,171.0,381.0,269.0; 239.0,106.0,315.0,155.0",2018-04-26 22:25:00,2018-04-26 22:36:00,406,0,0,4,2018-04-26 19:17:00,3.256388889,1,22,2018-04-26 22:32:00,2,21.3,79,26/04/2018 22:17,3.0,2.8825075577600003,3.1436111
26/04/2018 22:33,1.0,"423.0,155.9,535.6,370.9; 238.0,99.0,314.0,160.0",2018-04-26 22:25:00,2018-04-26 22:36:00,449,0,0,4,2018-04-26 19:17:00,3.268333333,1,22,2018-04-26 22:33:00,2,21.3,79,26/04/2018 22:17,3.0,2.8825075577600003,3.1436111
26/04/2018 22:33,1.0,,2018-04-26 22:25:00,2018-04-26 22:36:00,479,0,0,4,2018-04-26 19:17:00,3.276666667,1,22,2018-04-26 22:33:00,2,21.3,79,26/04/2018 22:17,3.0,2.8825075577600003,3.1436111
26/04/2018 22:34,65.0,bat_and_pick,2018-04-26 22:25:00,2018-04-26 22:36:00,519,1,1,4,2018-04-26 19:17:00,3.287777778,1,22,2018-04-26 22:34:00,2,21.3,79,26/04/2018 22:17,3.0,2.8825075577600003,3.1436111
26/04/2018 22:34,275.0,eating_and_bat_and_pick,2018-04-26 22:25:00,2018-04-26 22:36:00,556,1,1,4,2018-04-26 19:17:00,3.298055556,1,22,2018-04-26 22:34:00,2,21.3,79,26/04/2018 22:17,3.0,2.8825075577600003,3.1436111
26/04/2018 22:35,2.0,bat_figiht,2018-04-26 22:25:00,2018-04-26 22:36:00,602,1,0,4,2018-04-26 19:17:00,3.310833333,1,22,2018-04-26 22:35:00,2,21.3,79,26/04/2018 22:17,3.0,2.8825075577600003,3.1436111
26/04/2018 22:35,1.0,rat,2018-04-26 22:25:00,2018-04-26 22:36:00,613,1,0,4,2018-04-26 19:17:00,3.313888889,1,22,2018-04-26 22:35:00,2,21.3,79,26/04/2018 22:17,3.0,2.8825075577600003,3.1436111
26/04/2018 22:35,2.0,bat_fight,2018-04-26 22:25:00,2018-04-26 22:36:00,594,1,0,4,2018-04-26 19:17:00,3.308611111,1,22,2018-04-26 22:35:00,2,21.3,79,26/04/2018 22:17,3.0,2.8825075577600003,3.1436111
26/04/2018 22:36,18.0,pick_and_others,2018-04-26 22:25:00,2018-04-26 22:36:00,635,1,1,4,2018-04-26 19:17:00,3.32,1,22,2018-04-26 22:36:00,2,21.3,79,26/04/2018 22:17,3.0,2.8825075577600003,3.1436111
26/04/2018 23:05,0.028315379,fast,2018-04-26 23:04:00,2018-04-26 23:09:00,22,0,1,4,2018-04-26 19:17:00,3.805,1,23,2018-04-26 23:05:00,1,4.983333333,62,26/04/2018 22:47,3.0,2.75250044224,3.7988889
26/04/2018 23:05,6.0,pick_and_bat,2018-04-26 23:04:00,2018-04-26 23:09:00,37,1,1,4,2018-04-26 19:17:00,3.809166667,1,23,2018-04-26 23:05:00,1,4.983333333,62,26/04/2018 22:47,3.0,2.75250044224,3.7988889
26/04/2018 23:05,9.0,bat,2018-04-26 23:04:00,2018-04-26 23:09:00,46,1,0,4,2018-04-26 19:17:00,3.811666667,1,23,2018-04-26 23:05:00,1,4.983333333,62,26/04/2018 22:47,3.0,2.75250044224,3.7988889
26/04/2018 23:05,2.0,fight_rat,2018-04-26 23:04:00,2018-04-26 23:09:00,34,1,0,4,2018-04-26 19:17:00,3.808333333,1,23,2018-04-26 23:05:00,1,4.983333333,62,26/04/2018 22:47,3.0,2.75250044224,3.7988889
26/04/2018 23:05,0.044489486,fast,2018-04-26 23:04:00,2018-04-26 23:09:00,26,0,1,4,2018-04-26 19:17:00,3.806111111,1,23,2018-04-26 23:05:00,1,4.983333333,62,26/04/2018 22:47,3.0,2.75250044224,3.7988889
26/04/2018 23:06,6.0,pick,2018-04-26 23:04:00,2018-04-26 23:09:00,110,0,1,4,2018-04-26 19:17:00,3.829444444,1,23,2018-04-26 23:06:00,1,4.983333333,62,26/04/2018 22:47,3.0,2.75250044224,3.7988889
26/04/2018 23:06,2.0,fast,2018-04-26 23:04:00,2018-04-26 23:09:00,87,0,1,4,2018-04-26 19:17:00,3.823055556,1,23,2018-04-26 23:06:00,1,4.983333333,62,26/04/2018 22:47,3.0,2.75250044224,3.7988889
26/04/2018 23:06,8.0,pick,2018-04-26 23:04:00,2018-04-26 23:09:00,96,0,1,4,2018-04-26 19:17:00,3.825555556,1,23,2018-04-26 23:06:00,1,4.983333333,62,26/04/2018 22:47,3.0,2.75250044224,3.7988889
26/04/2018 23:09,6.0,pick,2018-04-26 23:04:00,2018-04-26 23:09:00,273,0,1,4,2018-04-26 19:17:00,3.874722222,1,23,2018-04-26 23:09:00,1,4.983333333,62,26/04/2018 22:47,3.0,2.75250044224,3.7988889
26/04/2018 23:09,0.039556377,fast,2018-04-26 23:04:00,2018-04-26 23:09:00,283,0,1,4,2018-04-26 19:17:00,3.8775,1,23,2018-04-26 23:09:00,1,4.983333333,62,26/04/2018 22:47,3.0,2.75250044224,3.7988889
27/04/2018 0:24,7.0,bat_pick_rat,2018-04-27 00:24:00,2018-04-27 00:28:00,10,1,1,4,2018-04-26 19:17:00,5.126111111,1,0,2018-04-27 00:24:00,1,4.483333333,65,27/04/2018 0:17,2.483870968,2.4897306732800004,5.1233333
27/04/2018 0:25,4.0,fast,2018-04-27 00:24:00,2018-04-27 00:28:00,65,0,1,4,2018-04-26 19:17:00,5.141388889,1,0,2018-04-27 00:25:00,1,4.483333333,65,27/04/2018 0:17,2.483870968,2.4897306732800004,5.1233333
27/04/2018 0:25,0.02018894,rat,2018-04-27 00:24:00,2018-04-27 00:28:00,72,1,0,4,2018-04-26 19:17:00,5.143333333,1,0,2018-04-27 00:25:00,1,4.483333333,65,27/04/2018 0:17,2.483870968,2.4897306732800004,5.1233333
27/04/2018 0:25,47.0,bat_and_rat,2018-04-27 00:24:00,2018-04-27 00:28:00,91,1,0,4,2018-04-26 19:17:00,5.148611111,1,0,2018-04-27 00:25:00,1,4.483333333,65,27/04/2018 0:17,2.483870968,2.4897306732800004,5.1233333
27/04/2018 0:26,35.0,bat,2018-04-27 00:24:00,2018-04-27 00:28:00,129,1,0,4,2018-04-26 19:17:00,5.159166667,1,0,2018-04-27 00:26:00,1,4.483333333,65,27/04/2018 0:17,2.483870968,2.4897306732800004,5.1233333
27/04/2018 0:26,13.0,bat_and_pick,2018-04-27 00:24:00,2018-04-27 00:28:00,138,1,1,4,2018-04-26 19:17:00,5.161666667,1,0,2018-04-27 00:26:00,1,4.483333333,65,27/04/2018 0:17,2.483870968,2.4897306732800004,5.1233333
27/04/2018 0:27,21.0,bat_and_pick,2018-04-27 00:24:00,2018-04-27 00:28:00,199,1,1,4,2018-04-26 19:17:00,5.178611111,1,0,2018-04-27 00:27:00,1,4.483333333,65,27/04/2018 0:17,2.483870968,2.4897306732800004,5.1233333
27/04/2018 0:27,12.0,bat_and_pick,2018-04-27 00:24:00,2018-04-27 00:28:00,164,1,1,4,2018-04-26 19:17:00,5.168888889,1,0,2018-04-27 00:27:00,1,4.483333333,65,27/04/2018 0:17,2.483870968,2.4897306732800004,5.1233333
27/04/2018 0:27,20.0,bat_and_pick,2018-04-27 00:24:00,2018-04-27 00:28:00,183,1,1,4,2018-04-26 19:17:00,5.174166667,1,0,2018-04-27 00:27:00,1,4.483333333,65,27/04/2018 0:17,2.483870968,2.4897306732800004,5.1233333
27/04/2018 0:27,9.0,bat_and_pick,2018-04-27 00:24:00,2018-04-27 00:28:00,187,1,1,4,2018-04-26 19:17:00,5.175277778,1,0,2018-04-27 00:27:00,1,4.483333333,65,27/04/2018 0:17,2.483870968,2.4897306732800004,5.1233333
27/04/2018 0:28,1.0,rat,2018-04-27 00:24:00,2018-04-27 00:28:00,226,1,0,4,2018-04-26 19:17:00,5.186111111,1,0,2018-04-27 00:28:00,1,4.483333333,65,27/04/2018 0:17,2.483870968,2.4897306732800004,5.1233333
27/04/2018 0:28,6.0,pick,2018-04-27 00:24:00,2018-04-27 00:28:00,231,0,1,4,2018-04-26 19:17:00,5.1875,1,0,2018-04-27 00:28:00,1,4.483333333,65,27/04/2018 0:17,2.483870968,2.4897306732800004,5.1233333
27/04/2018 1:19,3.0,bat_fight,2018-04-27 01:18:00,2018-04-27 01:22:00,85,1,0,4,2018-04-26 19:17:00,6.0425,1,1,2018-04-27 01:19:00,1,3.966666667,89,27/04/2018 1:17,2.0,2.31205244224,6.0188889
27/04/2018 1:19,15.0,bat_and_pick,2018-04-27 01:18:00,2018-04-27 01:22:00,76,1,1,4,2018-04-26 19:17:00,6.04,1,1,2018-04-27 01:19:00,1,3.966666667,89,27/04/2018 1:17,2.0,2.31205244224,6.0188889
27/04/2018 1:20,8.0,pick,2018-04-27 01:18:00,2018-04-27 01:22:00,119,0,1,4,2018-04-26 19:17:00,6.051944444,1,1,2018-04-27 01:20:00,1,3.966666667,89,27/04/2018 1:17,2.0,2.31205244224,6.0188889
27/04/2018 1:20,10.0,pick,2018-04-27 01:18:00,2018-04-27 01:22:00,126,0,1,4,2018-04-26 19:17:00,6.053888889,1,1,2018-04-27 01:20:00,1,3.966666667,89,27/04/2018 1:17,2.0,2.31205244224,6.0188889
27/04/2018 1:20,15.0,pick,2018-04-27 01:18:00,2018-04-27 01:22:00,142,0,1,4,2018-04-26 19:17:00,6.058333333,1,1,2018-04-27 01:20:00,1,3.966666667,89,27/04/2018 1:17,2.0,2.31205244224,6.0188889
27/04/2018 1:21,26.0,pick_and_all,2018-04-27 01:18:00,2018-04-27 01:22:00,223,1,1,4,2018-04-26 19:17:00,6.080833333,1,1,2018-04-27 01:21:00,1,3.966666667,89,27/04/2018 1:17,2.0,2.31205244224,6.0188889
27/04/2018 1:21,2.0,"415.0,86.5,559.2,140.2; 66.0,157.0,285.0,279.0",2018-04-27 01:18:00,2018-04-27 01:22:00,231,0,0,4,2018-04-26 19:17:00,6.083055556,1,1,2018-04-27 01:21:00,1,3.966666667,89,27/04/2018 1:17,2.0,2.31205244224,6.0188889
27/04/2018 2:10,0.050962883,rat_and_bat,2018-04-27 02:10:00,2018-04-27 02:20:00,7,1,0,4,2018-04-26 19:17:00,6.899722222,1,2,2018-04-27 02:10:00,1,6.133333333,77,27/04/2018 1:47,1.919090428,2.13768088448,6.8977778
27/04/2018 2:11,5.0,pick,2018-04-27 02:10:00,2018-04-27 02:20:00,47,0,1,4,2018-04-26 19:17:00,6.910833333,1,2,2018-04-27 02:11:00,1,6.133333333,77,27/04/2018 1:47,1.919090428,2.13768088448,6.8977778
27/04/2018 2:13,3.0,fast,2018-04-27 02:10:00,2018-04-27 02:20:00,140,0,1,4,2018-04-26 19:17:00,6.936666667,1,2,2018-04-27 02:13:00,1,6.133333333,77,27/04/2018 1:47,1.919090428,2.13768088448,6.8977778
27/04/2018 2:14,13.0,pick,2018-04-27 02:10:00,2018-04-27 02:20:00,246,0,1,4,2018-04-26 19:17:00,6.966111111,1,2,2018-04-27 02:14:00,1,6.133333333,77,27/04/2018 1:47,1.919090428,2.13768088448,6.8977778
27/04/2018 2:15,54.0,all_pick,2018-04-27 02:10:00,2018-04-27 02:20:00,278,1,1,4,2018-04-26 19:17:00,6.975,1,2,2018-04-27 02:15:00,1,6.133333333,77,27/04/2018 1:47,1.919090428,2.13768088448,6.8977778
27/04/2018 2:16,3.0,rat,2018-04-27 02:10:00,2018-04-27 02:20:00,318,1,0,4,2018-04-26 19:17:00,6.986111111,1,2,2018-04-27 02:16:00,1,6.133333333,77,27/04/2018 1:47,1.919090428,2.13768088448,6.8977778
27/04/2018 2:16,0.09619989,rat_pick_and_bat,2018-04-27 02:10:00,2018-04-27 02:20:00,366,1,1,4,2018-04-26 19:17:00,6.999444444,1,2,2018-04-27 02:16:00,1,6.133333333,77,27/04/2018 1:47,1.919090428,2.13768088448,6.8977778
27/04/2018 2:17,0.063771569,rat,2018-04-27 02:10:00,2018-04-27 02:20:00,368,1,0,4,2018-04-26 19:17:00,7.0,1,2,2018-04-27 02:17:00,1,6.133333333,77,27/04/2018 1:47,1.919090428,2.13768088448,6.8977778
27/04/2018 2:19,0.081091814,pick,2018-04-27 02:10:00,2018-04-27 02:20:00,537,0,1,4,2018-04-26 19:17:00,7.046944444,1,2,2018-04-27 02:19:00,1,6.133333333,77,27/04/2018 1:47,1.919090428,2.13768088448,6.8977778
27/04/2018 2:39,2.0,fast,2018-04-27 02:38:00,2018-04-27 02:58:00,62,0,1,4,2018-04-26 19:17:00,7.379722222,1,2,2018-04-27 02:39:00,4,15.31666667,31,27/04/2018 2:17,1.475409836,2.0454800000000004,7.3625
27/04/2018 2:47,0.090564496,,2018-04-27 02:38:00,2018-04-27 02:58:00,528,0,0,4,2018-04-26 19:17:00,7.509166667,1,2,2018-04-27 02:47:00,4,15.31666667,31,27/04/2018 2:17,1.475409836,2.0454800000000004,7.3625
27/04/2018 2:48,1.0,fast,2018-04-27 02:38:00,2018-04-27 02:58:00,570,0,1,4,2018-04-26 19:17:00,7.520833333,1,2,2018-04-27 02:48:00,4,15.31666667,31,27/04/2018 2:17,1.475409836,2.0454800000000004,7.3625
27/04/2018 2:49,14.0,,2018-04-27 02:38:00,2018-04-27 02:58:00,664,0,0,4,2018-04-26 19:17:00,7.546944444,1,2,2018-04-27 02:49:00,4,15.31666667,31,27/04/2018 2:17,1.475409836,2.0454800000000004,7.3625
27/04/2018 2:49,2.0,fast,2018-04-27 02:38:00,2018-04-27 02:58:00,660,0,1,4,2018-04-26 19:17:00,7.545833333,1,2,2018-04-27 02:49:00,4,15.31666667,31,27/04/2018 2:17,1.475409836,2.0454800000000004,7.3625
27/04/2018 2:51,0.032779517,fast,2018-04-27 02:38:00,2018-04-27 02:58:00,784,0,1,4,2018-04-26 19:17:00,7.580277778,1,2,2018-04-27 02:51:00,4,15.31666667,31,27/04/2018 2:17,1.475409836,2.0454800000000004,7.3625
27/04/2018 2:52,22.0,pick,2018-04-27 02:38:00,2018-04-27 02:58:00,825,0,1,4,2018-04-26 19:17:00,7.591666667,1,2,2018-04-27 02:52:00,4,15.31666667,31,27/04/2018 2:17,1.475409836,2.0454800000000004,7.3625
27/04/2018 2:52,10.0,pick,2018-04-27 02:38:00,2018-04-27 02:58:00,811,0,1,4,2018-04-26 19:17:00,7.587777778,1,2,2018-04-27 02:52:00,4,15.31666667,31,27/04/2018 2:17,1.475409836,2.0454800000000004,7.3625
27/04/2018 2:53,11.0,pick_and_bat,2018-04-27 02:38:00,2018-04-27 02:58:00,908,1,1,4,2018-04-26 19:17:00,7.614722222,1,2,2018-04-27 02:53:00,4,15.31666667,31,27/04/2018 2:17,1.475409836,2.0454800000000004,7.3625
27/04/2018 2:53,0.068238813,pick_and_bat,2018-04-27 02:38:00,2018-04-27 02:58:00,857,1,1,4,2018-04-26 19:17:00,7.600555556,1,2,2018-04-27 02:53:00,4,15.31666667,31,27/04/2018 2:17,1.475409836,2.0454800000000004,7.3625
27/04/2018 3:01,1.0,fast,2018-04-27 03:01:00,2018-04-27 03:02:00,17,0,1,4,2018-04-26 19:17:00,7.741666667,1,3,2018-04-27 03:01:00,2,12.38333333,28,27/04/2018 2:47,1.055526177,1.9711902310400002,7.7369444
27/04/2018 3:01,2.0,fast,2018-04-27 03:01:00,2018-04-27 03:02:00,22,0,1,4,2018-04-26 19:17:00,7.743055556,1,3,2018-04-27 03:01:00,2,12.38333333,28,27/04/2018 2:47,1.055526177,1.9711902310400002,7.7369444
27/04/2018 3:23,0.042707344,rat_and_bat,2018-04-27 03:22:00,2018-04-27 03:25:00,17,1,0,4,2018-04-26 19:17:00,8.101388889,1,3,2018-04-27 03:23:00,2,5.516666667,28,27/04/2018 3:17,1.0,1.8998213267200001,8.0966667
27/04/2018 3:23,13.0,pick,2018-04-27 03:22:00,2018-04-27 03:25:00,20,0,1,4,2018-04-26 19:17:00,8.102222222,1,3,2018-04-27 03:23:00,2,5.516666667,28,27/04/2018 3:17,1.0,1.8998213267200001,8.0966667
27/04/2018 3:23,0.043905767,bat_and_rat,2018-04-27 03:22:00,2018-04-27 03:25:00,33,1,0,4,2018-04-26 19:17:00,8.105833333,1,3,2018-04-27 03:23:00,2,5.516666667,28,27/04/2018 3:17,1.0,1.8998213267200001,8.0966667
27/04/2018 3:24,1.0,fast,2018-04-27 03:22:00,2018-04-27 03:25:00,99,0,1,4,2018-04-26 19:17:00,8.124166667,1,3,2018-04-27 03:24:00,2,5.516666667,28,27/04/2018 3:17,1.0,1.8998213267200001,8.0966667
27/04/2018 3:25,0.076705397,rat,2018-04-27 03:22:00,2018-04-27 03:25:00,142,1,0,4,2018-04-26 19:17:00,8.136111111,1,3,2018-04-27 03:25:00,2,5.516666667,28,27/04/2018 3:17,1.0,1.8998213267200001,8.0966667
27/04/2018 3:25,3.0,fast,2018-04-27 03:22:00,2018-04-27 03:25:00,140,0,1,4,2018-04-26 19:17:00,8.135555556,1,3,2018-04-27 03:25:00,2,5.516666667,28,27/04/2018 3:17,1.0,1.8998213267200001,8.0966667
27/04/2018 3:43,0.040958086,fast,2018-04-27 03:43:00,2018-04-27 03:46:00,38,0,1,4,2018-04-26 19:17:00,8.446388889,1,3,2018-04-27 03:43:00,2,5.516666667,28,27/04/2018 3:17,1.0,1.8325306732800002,8.4358333
27/04/2018 3:45,0.099530937,bat,2018-04-27 03:43:00,2018-04-27 03:46:00,160,1,0,4,2018-04-26 19:17:00,8.480277778,1,3,2018-04-27 03:45:00,2,5.516666667,28,27/04/2018 3:17,1.0,1.8325306732800002,8.4358333
27/04/2018 3:45,0.014419381,bat,2018-04-27 03:43:00,2018-04-27 03:46:00,168,1,0,4,2018-04-26 19:17:00,8.4825,1,3,2018-04-27 03:45:00,2,5.516666667,28,27/04/2018 3:17,1.0,1.8325306732800002,8.4358333
27/04/2018 3:45,22.0,no_food,2018-04-27 03:43:00,2018-04-27 03:46:00,166,0,0,4,2018-04-26 19:17:00,8.481944444,1,3,2018-04-27 03:45:00,2,5.516666667,28,27/04/2018 3:17,1.0,1.8325306732800002,8.4358333
27/04/2018 3:45,0.056999457,bat_and_rat,2018-04-27 03:43:00,2018-04-27 03:46:00,159,1,0,4,2018-04-26 19:17:00,8.48,1,3,2018-04-27 03:45:00,2,5.516666667,28,27/04/2018 3:17,1.0,1.8325306732800002,8.4358333
27/04/2018 4:01,3.0,pick,2018-04-27 03:59:00,2018-04-27 04:01:00,106,0,1,4,2018-04-26 19:17:00,8.736111111,1,4,2018-04-27 04:01:00,3,11.58333333,15,27/04/2018 3:47,1.0,1.7787973267200003,8.7066667
27/04/2018 4:12,5.0,pick,2018-04-27 04:11:00,2018-04-27 04:16:00,106,0,1,4,2018-04-26 19:17:00,8.931666667,1,4,2018-04-27 04:12:00,3,11.58333333,15,27/04/2018 3:47,1.0,1.73999911552,8.9022222
27/04/2018 4:36,0.040564984,pick_and_rat,2018-04-27 04:28:00,2018-04-27 04:44:00,445,1,1,4,2018-04-26 19:17:00,9.323055556,1,4,2018-04-27 04:36:00,2,30.53333333,7,27/04/2018 4:17,1.0,1.68103023104,9.1994444
27/04/2018 21:57,8.0,rat,2018-04-27 21:56:00,2018-04-27 22:00:00,47,1,0,4,2018-04-27 19:18:00,2.662777778,1,21,2018-04-27 21:57:00,5,8.05,64,27/04/2018 21:48,3.0,2.98049511552,2.6497222
27/04/2018 22:00,5.0,rat,2018-04-27 21:56:00,2018-04-27 22:00:00,199,1,0,4,2018-04-27 19:18:00,2.705,1,22,2018-04-27 22:00:00,5,8.05,64,27/04/2018 21:48,3.0,2.98049511552,2.6497222
27/04/2018 22:12,17.0,other_bats,2018-04-27 22:08:00,2018-04-27 22:12:00,214,1,0,4,2018-04-27 19:18:00,2.9,1,22,2018-04-27 22:12:00,5,8.05,64,27/04/2018 21:48,3.0,2.9426337689600004,2.8405556
27/04/2018 22:41,1.0,rat,2018-04-27 22:39:00,2018-04-27 22:41:00,127,1,0,4,2018-04-27 19:18:00,3.389722222,1,22,2018-04-27 22:41:00,1,2.166666667,38,27/04/2018 22:18,3.0,2.84067823104,3.3544444
27/04/2018 23:01,2.0,fast,2018-04-27 23:01:00,2018-04-27 23:12:00,18,0,1,4,2018-04-27 19:18:00,3.732777778,1,23,2018-04-27 23:01:00,2,12.75,39,27/04/2018 22:48,3.0,2.76660888448,3.7277778
27/04/2018 23:02,1.0,fast,2018-04-27 23:01:00,2018-04-27 23:12:00,79,0,1,4,2018-04-27 19:18:00,3.749722222,1,23,2018-04-27 23:02:00,2,12.75,39,27/04/2018 22:48,3.0,2.76660888448,3.7277778
27/04/2018 23:02,31.0,other_bats,2018-04-27 23:01:00,2018-04-27 23:12:00,68,1,0,4,2018-04-27 19:18:00,3.746666667,1,23,2018-04-27 23:02:00,2,12.75,39,27/04/2018 22:48,3.0,2.76660888448,3.7277778
27/04/2018 23:03,2.0,fast,2018-04-27 23:01:00,2018-04-27 23:12:00,105,0,1,4,2018-04-27 19:18:00,3.756944444,1,23,2018-04-27 23:03:00,2,12.75,39,27/04/2018 22:48,3.0,2.76660888448,3.7277778
27/04/2018 23:10,0.032185829,,2018-04-27 23:01:00,2018-04-27 23:12:00,530,0,0,4,2018-04-27 19:18:00,3.875,1,23,2018-04-27 23:10:00,2,12.75,39,27/04/2018 22:48,3.0,2.76660888448,3.7277778
27/04/2018 23:11,5.0,pick_and_others,2018-04-27 23:01:00,2018-04-27 23:12:00,576,1,1,4,2018-04-27 19:18:00,3.887777778,1,23,2018-04-27 23:11:00,2,12.75,39,27/04/2018 22:48,3.0,2.76660888448,3.7277778
27/04/2018 23:11,13.0,bats,2018-04-27 23:01:00,2018-04-27 23:12:00,592,1,0,4,2018-04-27 19:18:00,3.892222222,1,23,2018-04-27 23:11:00,2,12.75,39,27/04/2018 22:48,3.0,2.76660888448,3.7277778
27/04/2018 23:12,15.0,bats,2018-04-27 23:01:00,2018-04-27 23:12:00,623,1,0,4,2018-04-27 19:18:00,3.900833333,1,23,2018-04-27 23:12:00,2,12.75,39,27/04/2018 22:48,3.0,2.76660888448,3.7277778
27/04/2018 23:16,1.0,fast,2018-04-27 23:15:00,2018-04-27 23:17:00,35,0,1,4,2018-04-27 19:18:00,3.97,1,23,2018-04-27 23:16:00,2,12.75,39,27/04/2018 22:48,3.0,2.72048088448,3.9602778
27/04/2018 23:16,3.0,fast,2018-04-27 23:15:00,2018-04-27 23:17:00,74,0,1,4,2018-04-27 19:18:00,3.980833333,1,23,2018-04-27 23:16:00,2,12.75,39,27/04/2018 22:48,3.0,2.72048088448,3.9602778
27/04/2018 23:17,2.0,fast,2018-04-27 23:15:00,2018-04-27 23:17:00,120,0,1,4,2018-04-27 19:18:00,3.993611111,1,23,2018-04-27 23:17:00,2,12.75,39,27/04/2018 22:48,3.0,2.72048088448,3.9602778
27/04/2018 23:42,6.0,pick,2018-04-27 23:41:00,2018-04-27 23:43:00,23,0,1,4,2018-04-27 19:18:00,4.401111111,1,23,2018-04-27 23:42:00,1,1.533333333,54,27/04/2018 23:18,3.0,2.6342871155200003,4.3947222
28/04/2018 0:07,11.0,rat_and_pick,2018-04-28 00:04:00,2018-04-28 00:14:00,174,1,1,4,2018-04-27 19:18:00,4.829722222,1,0,2018-04-28 00:07:00,1,9.316666667,66,27/04/2018 23:48,3.0,2.5575724422400006,4.7813889
28/04/2018 0:10,3.0,rat,2018-04-28 00:04:00,2018-04-28 00:14:00,330,1,0,4,2018-04-27 19:18:00,4.873055556,1,0,2018-04-28 00:10:00,1,9.316666667,66,27/04/2018 23:48,3.0,2.5575724422400006,4.7813889
28/04/2018 0:10,5.0,bat_fight,2018-04-28 00:04:00,2018-04-28 00:14:00,365,1,0,4,2018-04-27 19:18:00,4.882777778,1,0,2018-04-28 00:10:00,1,9.316666667,66,27/04/2018 23:48,3.0,2.5575724422400006,4.7813889
28/04/2018 0:10,6.0,pick,2018-04-28 00:04:00,2018-04-28 00:14:00,363,0,1,4,2018-04-27 19:18:00,4.882222222,1,0,2018-04-28 00:10:00,1,9.316666667,66,27/04/2018 23:48,3.0,2.5575724422400006,4.7813889
28/04/2018 0:10,5.0,bat_fight,2018-04-28 00:04:00,2018-04-28 00:14:00,365,1,0,4,2018-04-27 19:18:00,4.882777778,1,0,2018-04-28 00:10:00,1,9.316666667,66,27/04/2018 23:48,3.0,2.5575724422400006,4.7813889
28/04/2018 0:11,1.0,rat,2018-04-28 00:04:00,2018-04-28 00:14:00,408,1,0,4,2018-04-27 19:18:00,4.894722222,1,0,2018-04-28 00:11:00,1,9.316666667,66,27/04/2018 23:48,3.0,2.5575724422400006,4.7813889
28/04/2018 0:11,2.0,fast,2018-04-28 00:04:00,2018-04-28 00:14:00,373,0,1,4,2018-04-27 19:18:00,4.885,1,0,2018-04-28 00:11:00,1,9.316666667,66,27/04/2018 23:48,3.0,2.5575724422400006,4.7813889
28/04/2018 0:11,4.0,pick,2018-04-28 00:04:00,2018-04-28 00:14:00,401,0,1,4,2018-04-27 19:18:00,4.892777778,1,0,2018-04-28 00:11:00,1,9.316666667,66,27/04/2018 23:48,3.0,2.5575724422400006,4.7813889
28/04/2018 0:12,6.0,pick,2018-04-28 00:04:00,2018-04-28 00:14:00,449,0,1,4,2018-04-27 19:18:00,4.906111111,1,0,2018-04-28 00:12:00,1,9.316666667,66,27/04/2018 23:48,3.0,2.5575724422400006,4.7813889
28/04/2018 0:12,7.0,rat,2018-04-28 00:04:00,2018-04-28 00:14:00,434,1,0,4,2018-04-27 19:18:00,4.901944444,1,0,2018-04-28 00:12:00,1,9.316666667,66,27/04/2018 23:48,3.0,2.5575724422400006,4.7813889
28/04/2018 0:13,18.0,pick,2018-04-28 00:04:00,2018-04-28 00:14:00,497,0,1,4,2018-04-27 19:18:00,4.919444444,1,0,2018-04-28 00:13:00,1,9.316666667,66,27/04/2018 23:48,3.0,2.5575724422400006,4.7813889
28/04/2018 0:13,10.0,bat_and_rat,2018-04-28 00:04:00,2018-04-28 00:14:00,544,1,0,4,2018-04-27 19:18:00,4.9325,1,0,2018-04-28 00:13:00,1,9.316666667,66,27/04/2018 23:48,3.0,2.5575724422400006,4.7813889
28/04/2018 0:13,5.0,pick_and_rat,2018-04-28 00:04:00,2018-04-28 00:14:00,496,1,1,4,2018-04-27 19:18:00,4.919166667,1,0,2018-04-28 00:13:00,1,9.316666667,66,27/04/2018 23:48,3.0,2.5575724422400006,4.7813889
28/04/2018 0:13,3.0,fast,2018-04-28 00:04:00,2018-04-28 00:14:00,520,0,1,4,2018-04-27 19:18:00,4.925833333,1,0,2018-04-28 00:13:00,1,9.316666667,66,27/04/2018 23:48,3.0,2.5575724422400006,4.7813889
28/04/2018 1:06,1.0,fast,2018-04-28 01:06:00,2018-04-28 01:07:00,19,0,1,4,2018-04-27 19:18:00,5.808888889,1,1,2018-04-28 01:06:00,2,2.666666667,60,28/04/2018 0:48,3.0,2.35476355776,5.8036111
28/04/2018 1:06,0.063724824,fast,2018-04-28 01:06:00,2018-04-28 01:07:00,35,0,1,4,2018-04-27 19:18:00,5.813333333,1,1,2018-04-28 01:06:00,2,2.666666667,60,28/04/2018 0:48,3.0,2.35476355776,5.8036111
28/04/2018 1:06,5.0,others,2018-04-28 01:06:00,2018-04-28 01:07:00,42,1,0,4,2018-04-27 19:18:00,5.815277778,1,1,2018-04-28 01:06:00,2,2.666666667,60,28/04/2018 0:48,3.0,2.35476355776,5.8036111
28/04/2018 1:07,6.0,pick,2018-04-28 01:06:00,2018-04-28 01:07:00,74,0,1,4,2018-04-27 19:18:00,5.824166667,1,1,2018-04-28 01:07:00,2,2.666666667,60,28/04/2018 0:48,3.0,2.35476355776,5.8036111
28/04/2018 2:14,15.0,others,2018-04-28 02:13:00,2018-04-28 02:14:00,55,1,0,4,2018-04-27 19:18:00,6.935833333,1,2,2018-04-28 02:14:00,1,1.55,52,28/04/2018 1:48,3.0,2.13316176896,6.9205556
28/04/2018 2:14,4.0,pick,2018-04-28 02:13:00,2018-04-28 02:14:00,90,0,1,4,2018-04-27 19:18:00,6.945555556,1,2,2018-04-28 02:14:00,1,1.55,52,28/04/2018 1:48,3.0,2.13316176896,6.9205556
28/04/2018 2:22,5.0,rat_disappear,2018-04-28 02:21:00,2018-04-28 02:23:00,60,1,0,4,2018-04-27 19:18:00,7.071388889,1,2,2018-04-28 02:22:00,3,2.466666667,51,28/04/2018 2:18,3.0,2.10654311552,7.0547222
28/04/2018 2:22,0.026148246,fast,2018-04-28 02:21:00,2018-04-28 02:23:00,90,0,1,4,2018-04-27 19:18:00,7.079722222,1,2,2018-04-28 02:22:00,3,2.466666667,51,28/04/2018 2:18,3.0,2.10654311552,7.0547222
28/04/2018 2:49,7.0,pick,2018-04-28 02:47:00,2018-04-28 02:51:00,128,0,1,4,2018-04-27 19:18:00,7.530555556,1,2,2018-04-28 02:49:00,3,2.466666667,51,28/04/2018 2:18,3.0,2.0191920000000003,7.495
28/04/2018 2:49,7.0,pick_and_bat,2018-04-28 02:47:00,2018-04-28 02:51:00,120,1,1,4,2018-04-27 19:18:00,7.528333333,1,2,2018-04-28 02:49:00,3,2.466666667,51,28/04/2018 2:18,3.0,2.0191920000000003,7.495
28/04/2018 2:50,0.08833199,fast,2018-04-28 02:47:00,2018-04-28 02:51:00,139,0,1,4,2018-04-27 19:18:00,7.533611111,1,2,2018-04-28 02:50:00,3,2.466666667,51,28/04/2018 2:18,3.0,2.0191920000000003,7.495
28/04/2018 2:50,8.0,pick,2018-04-28 02:47:00,2018-04-28 02:51:00,170,0,1,4,2018-04-27 19:18:00,7.542222222,1,2,2018-04-28 02:50:00,3,2.466666667,51,28/04/2018 2:18,3.0,2.0191920000000003,7.495
28/04/2018 2:50,28.0,pick_and_others,2018-04-28 02:47:00,2018-04-28 02:51:00,195,1,1,4,2018-04-27 19:18:00,7.549166667,1,2,2018-04-28 02:50:00,3,2.466666667,51,28/04/2018 2:18,3.0,2.0191920000000003,7.495
28/04/2018 2:51,6.0,pick,2018-04-28 02:47:00,2018-04-28 02:51:00,211,0,1,4,2018-04-27 19:18:00,7.553611111,1,2,2018-04-28 02:51:00,3,2.466666667,51,28/04/2018 2:18,3.0,2.0191920000000003,7.495
28/04/2018 3:25,15.0,rat_and_bat,2018-04-28 03:24:00,2018-04-28 03:25:00,31,1,0,4,2018-04-27 19:18:00,8.1225,1,3,2018-04-28 03:25:00,3,4.233333333,30,28/04/2018 3:18,2.611764706,1.8964044422400004,8.1138889
28/04/2018 3:25,2.0,fast,2018-04-28 03:24:00,2018-04-28 03:25:00,45,0,1,4,2018-04-27 19:18:00,8.126388889,1,3,2018-04-28 03:25:00,3,4.233333333,30,28/04/2018 3:18,2.611764706,1.8964044422400004,8.1138889
28/04/2018 3:36,3.0,fast,2018-04-28 03:33:00,2018-04-28 03:36:00,194,0,1,4,2018-04-27 19:18:00,8.305,1,3,2018-04-28 03:36:00,3,4.233333333,30,28/04/2018 3:18,2.611764706,1.8691795577600003,8.2511111
28/04/2018 3:51,3.0,fast,2018-04-28 03:48:00,2018-04-28 04:09:00,172,0,1,4,2018-04-27 19:18:00,8.554722222,1,3,2018-04-28 03:51:00,2,42.43333333,6,28/04/2018 3:48,2.258823529,1.8184222310400002,8.5069444
28/04/2018 5:16,17.0,rat,2018-04-28 05:14:00,2018-04-28 05:21:00,115,1,0,4,2018-04-27 19:18:00,9.978888889,1,5,2018-04-28 05:16:00,5,18.65,8,28/04/2018 4:48,2.0,1.5327262310400003,9.9469444
28/04/2018 5:20,1.0,pick,2018-04-28 05:14:00,2018-04-28 05:21:00,370,0,1,4,2018-04-27 19:18:00,10.04972222,1,5,2018-04-28 05:20:00,5,18.65,8,28/04/2018 4:48,2.0,1.5327262310400003,9.9469444
28/04/2018 5:55,3.0,fast,2018-04-28 05:55:00,2018-04-28 06:05:00,56,0,1,4,2018-04-27 19:18:00,10.63222222,1,5,2018-04-28 05:55:00,2,21.8,10,28/04/2018 5:48,2.0,1.3998533267200002,10.6166667
28/04/2018 19:08,0.025345863,fast,2018-04-28 19:08:00,2018-04-28 19:16:00,2,0,1,4,2018-04-28 19:19:00,-0.169166667,1,19,2018-04-28 19:08:00,1,7.483333333,15,28/04/2018 18:49,3.899524061,3.5398728844800003,-0.1697222
28/04/2018 19:10,0.096196,fast,2018-04-28 19:08:00,2018-04-28 19:16:00,76,0,1,4,2018-04-28 19:19:00,-0.148611111,1,19,2018-04-28 19:10:00,1,7.483333333,15,28/04/2018 18:49,3.899524061,3.5398728844800003,-0.1697222
28/04/2018 19:10,0.063701466,pick,2018-04-28 19:08:00,2018-04-28 19:16:00,91,0,1,4,2018-04-28 19:19:00,-0.144444444,1,19,2018-04-28 19:10:00,1,7.483333333,15,28/04/2018 18:49,3.899524061,3.5398728844800003,-0.1697222
28/04/2018 20:39,0.094784549,fast,2018-04-28 20:37:00,2018-04-28 20:44:00,105,0,1,4,2018-04-28 19:19:00,1.341944444,1,20,2018-04-28 20:39:00,3,4.616666667,21,28/04/2018 20:19,3.0,3.24574488448,1.3127778
28/04/2018 20:40,0.076254237,others,2018-04-28 20:37:00,2018-04-28 20:44:00,166,1,0,4,2018-04-28 19:19:00,1.358888889,1,20,2018-04-28 20:40:00,3,4.616666667,21,28/04/2018 20:19,3.0,3.24574488448,1.3127778
28/04/2018 20:44,0.014184241,rat,2018-04-28 20:37:00,2018-04-28 20:44:00,383,1,0,4,2018-04-28 19:19:00,1.419166667,1,20,2018-04-28 20:44:00,3,4.616666667,21,28/04/2018 20:19,3.0,3.24574488448,1.3127778
28/04/2018 21:30,9.0,rat,2018-04-28 21:30:00,2018-04-28 21:31:00,0,1,0,4,2018-04-28 19:19:00,2.198055556,1,21,2018-04-28 21:30:00,2,0.966666667,35,28/04/2018 21:19,3.0,3.0701057689600004,2.1980556
28/04/2018 21:31,28.0,rat_and_pick,2018-04-28 21:30:00,2018-04-28 21:31:00,46,1,1,4,2018-04-28 19:19:00,2.210833333,1,21,2018-04-28 21:31:00,2,0.966666667,35,28/04/2018 21:19,3.0,3.0701057689600004,2.1980556
28/04/2018 23:02,1.0,fast,2018-04-28 23:01:00,2018-04-28 23:12:00,85,0,1,4,2018-04-28 19:19:00,3.725555556,1,23,2018-04-28 23:02:00,1,10.91666667,54,28/04/2018 22:49,3.0,2.7717342310400004,3.7019444
28/04/2018 23:04,5.0,fast,2018-04-28 23:01:00,2018-04-28 23:12:00,188,0,1,4,2018-04-28 19:19:00,3.754166667,1,23,2018-04-28 23:04:00,1,10.91666667,54,28/04/2018 22:49,3.0,2.7717342310400004,3.7019444
28/04/2018 23:21,0.047647063,bat_fight,2018-04-28 23:21:00,2018-04-28 23:24:00,0,1,0,4,2018-04-28 19:19:00,4.036944444,1,23,2018-04-28 23:21:00,1,2.85,76,28/04/2018 23:19,3.0,2.70527023104,4.0369444
28/04/2018 23:21,2.0,fast,2018-04-28 23:21:00,2018-04-28 23:24:00,44,0,1,4,2018-04-28 19:19:00,4.049166667,1,23,2018-04-28 23:21:00,1,2.85,76,28/04/2018 23:19,3.0,2.70527023104,4.0369444
28/04/2018 23:22,1.0,pick,2018-04-28 23:21:00,2018-04-28 23:24:00,60,0,1,4,2018-04-28 19:19:00,4.053611111,1,23,2018-04-28 23:22:00,1,2.85,76,28/04/2018 23:19,3.0,2.70527023104,4.0369444
28/04/2018 23:22,80.0,rat,2018-04-28 23:21:00,2018-04-28 23:24:00,71,1,0,4,2018-04-28 19:19:00,4.056666667,1,23,2018-04-28 23:22:00,1,2.85,76,28/04/2018 23:19,3.0,2.70527023104,4.0369444
28/04/2018 23:22,0.090449811,rat,2018-04-28 23:21:00,2018-04-28 23:24:00,63,1,0,4,2018-04-28 19:19:00,4.054444444,1,23,2018-04-28 23:22:00,1,2.85,76,28/04/2018 23:19,3.0,2.70527023104,4.0369444
28/04/2018 23:23,3.0,fast,2018-04-28 23:21:00,2018-04-28 23:24:00,139,0,1,4,2018-04-28 19:19:00,4.075555556,1,23,2018-04-28 23:23:00,1,2.85,76,28/04/2018 23:19,3.0,2.70527023104,4.0369444
28/04/2018 23:24,14.0,pick,2018-04-28 23:21:00,2018-04-28 23:24:00,171,0,1,4,2018-04-28 19:19:00,4.084444444,1,23,2018-04-28 23:24:00,1,2.85,76,28/04/2018 23:19,3.0,2.70527023104,4.0369444
29/04/2018 0:22,17.0,rat,2018-04-29 00:22:00,2018-04-29 00:27:00,28,1,0,4,2018-04-28 19:19:00,5.060833333,1,0,2018-04-29 00:22:00,1,5.166666667,89,29/04/2018 0:19,2.465517241,2.50367376896,5.0530556
29/04/2018 0:23,20.0,rat,2018-04-29 00:22:00,2018-04-29 00:27:00,82,1,0,4,2018-04-28 19:19:00,5.075833333,1,0,2018-04-29 00:23:00,1,5.166666667,89,29/04/2018 0:19,2.465517241,2.50367376896,5.0530556
29/04/2018 0:25,0.099179779,rat,2018-04-29 00:22:00,2018-04-29 00:27:00,206,1,0,4,2018-04-28 19:19:00,5.110277778,1,0,2018-04-29 00:25:00,1,5.166666667,89,29/04/2018 0:19,2.465517241,2.50367376896,5.0530556
29/04/2018 0:27,11.0,pick,2018-04-29 00:22:00,2018-04-29 00:27:00,309,0,1,4,2018-04-28 19:19:00,5.138888889,1,0,2018-04-29 00:27:00,1,5.166666667,89,29/04/2018 0:19,2.465517241,2.50367376896,5.0530556
29/04/2018 0:55,0.019372407,"157.0,2.6,349.0,159.3; 572.1,275.7,638.3,360.0",2018-04-29 00:55:00,2018-04-29 00:56:00,19,0,0,4,2018-04-28 19:19:00,5.614166667,1,0,2018-04-29 00:55:00,3,5.366666667,100,29/04/2018 0:49,2.043381535,2.3933964422400003,5.6088889
29/04/2018 0:55,2.0,fast,2018-04-29 00:55:00,2018-04-29 00:56:00,8,0,1,4,2018-04-28 19:19:00,5.611111111,1,0,2018-04-29 00:55:00,3,5.366666667,100,29/04/2018 0:49,2.043381535,2.3933964422400003,5.6088889
29/04/2018 0:55,0.043720185,rat,2018-04-29 00:55:00,2018-04-29 00:56:00,11,1,0,4,2018-04-28 19:19:00,5.611944444,1,0,2018-04-29 00:55:00,3,5.366666667,100,29/04/2018 0:49,2.043381535,2.3933964422400003,5.6088889
29/04/2018 0:56,174.0,pick_rat_bat,2018-04-29 00:55:00,2018-04-29 00:56:00,50,1,1,4,2018-04-28 19:19:00,5.622777778,1,0,2018-04-29 00:56:00,3,5.366666667,100,29/04/2018 0:49,2.043381535,2.3933964422400003,5.6088889
29/04/2018 1:03,2.0,rat,2018-04-29 01:02:00,2018-04-29 01:06:00,47,1,0,4,2018-04-28 19:19:00,5.735277778,1,1,2018-04-29 01:03:00,3,5.366666667,100,29/04/2018 0:49,2.043381535,2.3709111155200002,5.7222222
29/04/2018 1:03,6.0,rat,2018-04-29 01:02:00,2018-04-29 01:06:00,66,1,0,4,2018-04-28 19:19:00,5.740555556,1,1,2018-04-29 01:03:00,3,5.366666667,100,29/04/2018 0:49,2.043381535,2.3709111155200002,5.7222222
29/04/2018 1:03,5.0,rat_and_bat,2018-04-29 01:02:00,2018-04-29 01:06:00,78,1,0,4,2018-04-28 19:19:00,5.743888889,1,1,2018-04-29 01:03:00,3,5.366666667,100,29/04/2018 0:49,2.043381535,2.3709111155200002,5.7222222
29/04/2018 1:03,3.0,fast,2018-04-29 01:02:00,2018-04-29 01:06:00,87,0,1,4,2018-04-28 19:19:00,5.746388889,1,1,2018-04-29 01:03:00,3,5.366666667,100,29/04/2018 0:49,2.043381535,2.3709111155200002,5.7222222
29/04/2018 1:04,0.035887407,bat,2018-04-29 01:02:00,2018-04-29 01:06:00,143,1,0,4,2018-04-28 19:19:00,5.761944444,1,1,2018-04-29 01:04:00,3,5.366666667,100,29/04/2018 0:49,2.043381535,2.3709111155200002,5.7222222
29/04/2018 1:04,0.069546705,rat,2018-04-29 01:02:00,2018-04-29 01:06:00,132,1,0,4,2018-04-28 19:19:00,5.758888889,1,1,2018-04-29 01:04:00,3,5.366666667,100,29/04/2018 0:49,2.043381535,2.3709111155200002,5.7222222
29/04/2018 1:05,5.0,pick,2018-04-29 01:02:00,2018-04-29 01:06:00,172,0,1,4,2018-04-28 19:19:00,5.77,1,1,2018-04-29 01:05:00,3,5.366666667,100,29/04/2018 0:49,2.043381535,2.3709111155200002,5.7222222
29/04/2018 1:05,6.0,fast,2018-04-29 01:02:00,2018-04-29 01:06:00,182,0,1,4,2018-04-28 19:19:00,5.772777778,1,1,2018-04-29 01:05:00,3,5.366666667,100,29/04/2018 0:49,2.043381535,2.3709111155200002,5.7222222
29/04/2018 1:05,0.087634798,fast,2018-04-29 01:02:00,2018-04-29 01:06:00,206,0,1,4,2018-04-28 19:19:00,5.779444444,1,1,2018-04-29 01:05:00,3,5.366666667,100,29/04/2018 0:49,2.043381535,2.3709111155200002,5.7222222
29/04/2018 1:05,3.0,fast,2018-04-29 01:02:00,2018-04-29 01:06:00,211,0,1,4,2018-04-28 19:19:00,5.780833333,1,1,2018-04-29 01:05:00,3,5.366666667,100,29/04/2018 0:49,2.043381535,2.3709111155200002,5.7222222
29/04/2018 1:20,2.0,fast,2018-04-29 01:19:00,2018-04-29 01:24:00,58,0,1,4,2018-04-28 19:19:00,6.032222222,1,1,2018-04-29 01:20:00,2,11.23333333,78,29/04/2018 1:19,2.0,2.31260355776,6.0161111
29/04/2018 1:20,0.038141769,pick,2018-04-29 01:19:00,2018-04-29 01:24:00,5,0,1,4,2018-04-28 19:19:00,6.0175,1,1,2018-04-29 01:20:00,2,11.23333333,78,29/04/2018 1:19,2.0,2.31260355776,6.0161111
29/04/2018 1:20,0.09694048,bat_and_pick_far,2018-04-29 01:19:00,2018-04-29 01:24:00,38,1,1,4,2018-04-28 19:19:00,6.026666667,1,1,2018-04-29 01:20:00,2,11.23333333,78,29/04/2018 1:19,2.0,2.31260355776,6.0161111
29/04/2018 1:21,2.0,fast,2018-04-29 01:19:00,2018-04-29 01:24:00,119,0,1,4,2018-04-28 19:19:00,6.049166667,1,1,2018-04-29 01:21:00,2,11.23333333,78,29/04/2018 1:19,2.0,2.31260355776,6.0161111
29/04/2018 1:43,4.0,fast,2018-04-29 01:41:00,2018-04-29 01:51:00,105,0,1,4,2018-04-28 19:19:00,6.409444444,1,1,2018-04-29 01:43:00,2,11.23333333,78,29/04/2018 1:19,2.0,2.24035288448,6.3802778
29/04/2018 1:44,5.0,pick,2018-04-29 01:41:00,2018-04-29 01:51:00,180,0,1,4,2018-04-28 19:19:00,6.430277778,1,1,2018-04-29 01:44:00,2,11.23333333,78,29/04/2018 1:19,2.0,2.24035288448,6.3802778
29/04/2018 1:44,3.0,fast,2018-04-29 01:41:00,2018-04-29 01:51:00,187,0,1,4,2018-04-28 19:19:00,6.432222222,1,1,2018-04-29 01:44:00,2,11.23333333,78,29/04/2018 1:19,2.0,2.24035288448,6.3802778
29/04/2018 1:45,5.0,pick,2018-04-29 01:41:00,2018-04-29 01:51:00,247,0,1,4,2018-04-28 19:19:00,6.448888889,1,1,2018-04-29 01:45:00,2,11.23333333,78,29/04/2018 1:19,2.0,2.24035288448,6.3802778
29/04/2018 1:46,0.020820512,fast,2018-04-29 01:41:00,2018-04-29 01:51:00,252,0,1,4,2018-04-28 19:19:00,6.450277778,1,1,2018-04-29 01:46:00,2,11.23333333,78,29/04/2018 1:19,2.0,2.24035288448,6.3802778
29/04/2018 1:48,9.0,bat,2018-04-29 01:41:00,2018-04-29 01:51:00,419,1,0,4,2018-04-28 19:19:00,6.496666667,1,1,2018-04-29 01:48:00,2,11.23333333,78,29/04/2018 1:19,2.0,2.24035288448,6.3802778
29/04/2018 1:49,1.0,fast_far,2018-04-29 01:41:00,2018-04-29 01:51:00,436,0,1,4,2018-04-28 19:19:00,6.501388889,1,1,2018-04-29 01:49:00,2,11.23333333,78,29/04/2018 1:19,2.0,2.24035288448,6.3802778
29/04/2018 1:51,4.0,bat,2018-04-29 01:41:00,2018-04-29 01:51:00,592,1,0,4,2018-04-28 19:19:00,6.544722222,1,1,2018-04-29 01:51:00,2,11.23333333,78,29/04/2018 1:19,2.0,2.24035288448,6.3802778
29/04/2018 1:51,21.0,pick,2018-04-29 01:41:00,2018-04-29 01:51:00,572,0,1,4,2018-04-28 19:19:00,6.539166667,1,1,2018-04-29 01:51:00,2,11.23333333,78,29/04/2018 1:19,2.0,2.24035288448,6.3802778
29/04/2018 2:51,67.0,bat,2018-04-29 02:51:00,2018-04-29 03:06:00,41,1,0,4,2018-04-28 19:19:00,7.545555556,1,2,2018-04-29 02:51:00,3,16.86666667,41,29/04/2018 2:49,1.897849462,2.0114213267200003,7.5341667
29/04/2018 2:51,1.0,fast,2018-04-29 02:51:00,2018-04-29 03:06:00,36,0,1,4,2018-04-28 19:19:00,7.544166667,1,2,2018-04-29 02:51:00,3,16.86666667,41,29/04/2018 2:49,1.897849462,2.0114213267200003,7.5341667
29/04/2018 2:52,1.0,fast,2018-04-29 02:51:00,2018-04-29 03:06:00,66,0,1,4,2018-04-28 19:19:00,7.5525,1,2,2018-04-29 02:52:00,3,16.86666667,41,29/04/2018 2:49,1.897849462,2.0114213267200003,7.5341667
29/04/2018 2:52,31.0,pick,2018-04-29 02:51:00,2018-04-29 03:06:00,80,0,1,4,2018-04-28 19:19:00,7.556388889,1,2,2018-04-29 02:52:00,3,16.86666667,41,29/04/2018 2:49,1.897849462,2.0114213267200003,7.5341667
29/04/2018 2:53,6.0,pick,2018-04-29 02:51:00,2018-04-29 03:06:00,169,0,1,4,2018-04-28 19:19:00,7.581111111,1,2,2018-04-29 02:53:00,3,16.86666667,41,29/04/2018 2:49,1.897849462,2.0114213267200003,7.5341667
29/04/2018 2:58,0.071250736,bat_and_pick,2018-04-29 02:51:00,2018-04-29 03:06:00,466,1,1,4,2018-04-28 19:19:00,7.663611111,1,2,2018-04-29 02:58:00,3,16.86666667,41,29/04/2018 2:49,1.897849462,2.0114213267200003,7.5341667
29/04/2018 2:58,2.0,bat,2018-04-29 02:51:00,2018-04-29 03:06:00,452,1,0,4,2018-04-28 19:19:00,7.659722222,1,2,2018-04-29 02:58:00,3,16.86666667,41,29/04/2018 2:49,1.897849462,2.0114213267200003,7.5341667
29/04/2018 2:59,7.0,pick,2018-04-29 02:51:00,2018-04-29 03:06:00,499,0,1,4,2018-04-28 19:19:00,7.672777778,1,2,2018-04-29 02:59:00,3,16.86666667,41,29/04/2018 2:49,1.897849462,2.0114213267200003,7.5341667
29/04/2018 2:59,4.0,pick,2018-04-29 02:51:00,2018-04-29 03:06:00,485,0,1,4,2018-04-28 19:19:00,7.668888889,1,2,2018-04-29 02:59:00,3,16.86666667,41,29/04/2018 2:49,1.897849462,2.0114213267200003,7.5341667
29/04/2018 3:04,3.0,fast,2018-04-29 02:51:00,2018-04-29 03:06:00,783,0,1,4,2018-04-28 19:19:00,7.751666667,1,3,2018-04-29 03:04:00,3,16.86666667,41,29/04/2018 2:49,1.897849462,2.0114213267200003,7.5341667
29/04/2018 3:05,0.083007044,"530.0,20.0,611.0,156.0; 227.6,128.8,290.8,208.0",2018-04-29 02:51:00,2018-04-29 03:06:00,846,0,0,4,2018-04-28 19:19:00,7.769166667,1,3,2018-04-29 03:05:00,3,16.86666667,41,29/04/2018 2:49,1.897849462,2.0114213267200003,7.5341667
29/04/2018 3:06,2.0,fight,2018-04-29 02:51:00,2018-04-29 03:06:00,902,0,0,4,2018-04-28 19:19:00,7.784722222,1,3,2018-04-29 03:06:00,3,16.86666667,41,29/04/2018 2:49,1.897849462,2.0114213267200003,7.5341667
29/04/2018 3:06,0.014550835,pick_and_all,2018-04-29 02:51:00,2018-04-29 03:06:00,903,1,1,4,2018-04-28 19:19:00,7.785,1,3,2018-04-29 03:06:00,3,16.86666667,41,29/04/2018 2:49,1.897849462,2.0114213267200003,7.5341667
29/04/2018 3:14,72.0,pick_and_bat,2018-04-29 03:11:00,2018-04-29 03:15:00,211,1,1,4,2018-04-28 19:19:00,7.925833333,1,3,2018-04-29 03:14:00,3,16.86666667,41,29/04/2018 2:49,1.897849462,1.9453431155200003,7.8672222
29/04/2018 3:34,2.0,bat,2018-04-29 03:33:00,2018-04-29 03:48:00,26,1,0,4,2018-04-28 19:19:00,8.252222222,1,3,2018-04-29 03:34:00,2,13.68333333,29,29/04/2018 3:19,1.433333333,1.8703920000000005,8.245
29/04/2018 3:34,12.0,pick,2018-04-29 03:33:00,2018-04-29 03:48:00,63,0,1,4,2018-04-28 19:19:00,8.2625,1,3,2018-04-29 03:34:00,2,13.68333333,29,29/04/2018 3:19,1.433333333,1.8703920000000005,8.245
29/04/2018 3:40,0.025349973,bats,2018-04-29 03:33:00,2018-04-29 03:48:00,402,1,0,4,2018-04-28 19:19:00,8.356666667,1,3,2018-04-29 03:40:00,2,13.68333333,29,29/04/2018 3:19,1.433333333,1.8703920000000005,8.245
29/04/2018 3:45,0.094601342,rat,2018-04-29 03:33:00,2018-04-29 03:48:00,708,1,0,4,2018-04-28 19:19:00,8.441666667,1,3,2018-04-29 03:45:00,2,13.68333333,29,29/04/2018 3:19,1.433333333,1.8703920000000005,8.245
29/04/2018 3:46,105.0,rat_and_pick,2018-04-29 03:33:00,2018-04-29 03:48:00,773,1,1,4,2018-04-28 19:19:00,8.459722222,1,3,2018-04-29 03:46:00,2,13.68333333,29,29/04/2018 3:19,1.433333333,1.8703920000000005,8.245
29/04/2018 3:46,26.0,rat_pick,2018-04-29 03:33:00,2018-04-29 03:48:00,740,1,1,4,2018-04-28 19:19:00,8.450555556,1,3,2018-04-29 03:46:00,2,13.68333333,29,29/04/2018 3:19,1.433333333,1.8703920000000005,8.245
29/04/2018 4:34,0.044300625,fast,2018-04-29 04:31:00,2018-04-29 04:37:00,192,0,1,4,2018-04-28 19:19:00,9.265,1,4,2018-04-29 04:34:00,3,12.45,7,29/04/2018 4:19,1.0,1.6786053267200003,9.2116667
29/04/2018 4:36,0.09536188,fast,2018-04-29 04:31:00,2018-04-29 04:37:00,315,0,1,4,2018-04-28 19:19:00,9.299166667,1,4,2018-04-29 04:36:00,3,12.45,7,29/04/2018 4:19,1.0,1.6786053267200003,9.2116667
29/04/2018 5:00,0.091074825,fast,2018-04-29 04:58:00,2018-04-29 05:00:00,109,0,1,4,2018-04-28 19:19:00,9.688333333,1,5,2018-04-29 05:00:00,4,14.78333333,7,29/04/2018 4:49,1.0,1.5900417689600002,9.6580556
29/04/2018 20:43,0.017597713,fast,2018-04-29 20:37:00,2018-04-29 20:53:00,389,0,1,4,2018-04-29 19:19:00,1.414722222,1,20,2018-04-29 20:43:00,1,11.6,15,29/04/2018 20:19,3.538461538,3.24695732672,1.3066667
29/04/2018 20:48,0.032534418,fast,2018-04-29 20:37:00,2018-04-29 20:53:00,695,0,1,4,2018-04-29 19:19:00,1.499722222,1,20,2018-04-29 20:48:00,1,11.6,15,29/04/2018 20:19,3.538461538,3.24695732672,1.3066667
29/04/2018 20:49,4.0,fast,2018-04-29 20:37:00,2018-04-29 20:53:00,710,0,1,4,2018-04-29 19:19:00,1.503888889,1,20,2018-04-29 20:49:00,1,11.6,15,29/04/2018 20:19,3.538461538,3.24695732672,1.3066667
29/04/2018 20:50,14.0,bat_rat_pick,2018-04-29 20:37:00,2018-04-29 20:53:00,759,1,1,4,2018-04-29 19:19:00,1.5175,1,20,2018-04-29 20:50:00,1,11.6,15,29/04/2018 20:19,3.538461538,3.24695732672,1.3066667
29/04/2018 22:53,2.0,fast,2018-04-29 22:53:00,2018-04-29 23:06:00,9,0,1,4,2018-04-29 19:19:00,3.573888889,1,22,2018-04-29 22:53:00,1,13.45,53,29/04/2018 22:49,2.914905451,2.79763644224,3.5713889
29/04/2018 22:53,20.0,rat_and_bat,2018-04-29 22:53:00,2018-04-29 23:06:00,4,1,0,4,2018-04-29 19:19:00,3.5725,1,22,2018-04-29 22:53:00,1,13.45,53,29/04/2018 22:49,2.914905451,2.79763644224,3.5713889
29/04/2018 22:54,36.0,rat,2018-04-29 22:53:00,2018-04-29 23:06:00,67,1,0,4,2018-04-29 19:19:00,3.59,1,22,2018-04-29 22:54:00,1,13.45,53,29/04/2018 22:49,2.914905451,2.79763644224,3.5713889
29/04/2018 22:55,8.0,rat,2018-04-29 22:53:00,2018-04-29 23:06:00,144,1,0,4,2018-04-29 19:19:00,3.611388889,1,22,2018-04-29 22:55:00,1,13.45,53,29/04/2018 22:49,2.914905451,2.79763644224,3.5713889
29/04/2018 22:56,0.097800752,rat,2018-04-29 22:53:00,2018-04-29 23:06:00,184,1,0,4,2018-04-29 19:19:00,3.6225,1,22,2018-04-29 22:56:00,1,13.45,53,29/04/2018 22:49,2.914905451,2.79763644224,3.5713889
29/04/2018 23:00,0.063312201,bat_fight,2018-04-29 22:53:00,2018-04-29 23:06:00,428,1,0,4,2018-04-29 19:19:00,3.690277778,1,23,2018-04-29 23:00:00,1,13.45,53,29/04/2018 22:49,2.914905451,2.79763644224,3.5713889
29/04/2018 23:01,18.0,bat_pick,2018-04-29 22:53:00,2018-04-29 23:06:00,490,1,1,4,2018-04-29 19:19:00,3.7075,1,23,2018-04-29 23:01:00,1,13.45,53,29/04/2018 22:49,2.914905451,2.79763644224,3.5713889
29/04/2018 23:01,2.0,fast,2018-04-29 22:53:00,2018-04-29 23:06:00,521,0,1,4,2018-04-29 19:19:00,3.716111111,1,23,2018-04-29 23:01:00,1,13.45,53,29/04/2018 22:49,2.914905451,2.79763644224,3.5713889
29/04/2018 23:02,5.0,rat_and_pick,2018-04-29 22:53:00,2018-04-29 23:06:00,529,1,1,4,2018-04-29 19:19:00,3.718333333,1,23,2018-04-29 23:02:00,1,13.45,53,29/04/2018 22:49,2.914905451,2.79763644224,3.5713889
29/04/2018 23:06,0.078489345,fast,2018-04-29 22:53:00,2018-04-29 23:06:00,776,0,1,4,2018-04-29 19:19:00,3.786944444,1,23,2018-04-29 23:06:00,1,13.45,53,29/04/2018 22:49,2.914905451,2.79763644224,3.5713889
30/04/2018 1:30,22.0,pick_bat,2018-04-30 01:26:00,2018-04-30 01:44:00,239,1,1,4,2018-04-29 19:19:00,6.196944444,1,1,2018-04-30 01:30:00,1,17.81666667,45,30/04/2018 1:19,2.0,2.2898977689600004,6.1305556
30/04/2018 1:31,4.0,fast,2018-04-30 01:26:00,2018-04-30 01:44:00,304,0,1,4,2018-04-29 19:19:00,6.215,1,1,2018-04-30 01:31:00,1,17.81666667,45,30/04/2018 1:19,2.0,2.2898977689600004,6.1305556
30/04/2018 1:31,46.0,pick_bat,2018-04-30 01:26:00,2018-04-30 01:44:00,257,1,1,4,2018-04-29 19:19:00,6.201944444,1,1,2018-04-30 01:31:00,1,17.81666667,45,30/04/2018 1:19,2.0,2.2898977689600004,6.1305556
30/04/2018 1:31,9.0,pick_bat,2018-04-30 01:26:00,2018-04-30 01:44:00,290,1,1,4,2018-04-29 19:19:00,6.211111111,1,1,2018-04-30 01:31:00,1,17.81666667,45,30/04/2018 1:19,2.0,2.2898977689600004,6.1305556
30/04/2018 1:32,0.085746166,rat_pick,2018-04-30 01:26:00,2018-04-30 01:44:00,315,1,1,4,2018-04-29 19:19:00,6.218055556,1,1,2018-04-30 01:32:00,1,17.81666667,45,30/04/2018 1:19,2.0,2.2898977689600004,6.1305556
30/04/2018 1:32,4.0,pick,2018-04-30 01:26:00,2018-04-30 01:44:00,323,0,1,4,2018-04-29 19:19:00,6.220277778,1,1,2018-04-30 01:32:00,1,17.81666667,45,30/04/2018 1:19,2.0,2.2898977689600004,6.1305556
30/04/2018 1:33,0.040027684,rat,2018-04-30 01:26:00,2018-04-30 01:44:00,407,1,0,4,2018-04-29 19:19:00,6.243611111,1,1,2018-04-30 01:33:00,1,17.81666667,45,30/04/2018 1:19,2.0,2.2898977689600004,6.1305556
30/04/2018 1:34,5.0,rat_and_bat,2018-04-30 01:26:00,2018-04-30 01:44:00,445,1,0,4,2018-04-29 19:19:00,6.254166667,1,1,2018-04-30 01:34:00,1,17.81666667,45,30/04/2018 1:19,2.0,2.2898977689600004,6.1305556
30/04/2018 1:37,0.076567662,fast,2018-04-30 01:26:00,2018-04-30 01:44:00,633,0,1,4,2018-04-29 19:19:00,6.306388889,1,1,2018-04-30 01:37:00,1,17.81666667,45,30/04/2018 1:19,2.0,2.2898977689600004,6.1305556
30/04/2018 1:40,0.055695432,bat_and_rat,2018-04-30 01:26:00,2018-04-30 01:44:00,808,1,0,4,2018-04-29 19:19:00,6.355,1,1,2018-04-30 01:40:00,1,17.81666667,45,30/04/2018 1:19,2.0,2.2898977689600004,6.1305556
30/04/2018 1:40,33.0,bat_and_rat,2018-04-30 01:26:00,2018-04-30 01:44:00,816,1,0,4,2018-04-29 19:19:00,6.357222222,1,1,2018-04-30 01:40:00,1,17.81666667,45,30/04/2018 1:19,2.0,2.2898977689600004,6.1305556
30/04/2018 1:40,39.0,pick_and_bat,2018-04-30 01:26:00,2018-04-30 01:44:00,844,1,1,4,2018-04-29 19:19:00,6.365,1,1,2018-04-30 01:40:00,1,17.81666667,45,30/04/2018 1:19,2.0,2.2898977689600004,6.1305556
30/04/2018 1:40,0.072746343,bat_and_rat,2018-04-30 01:26:00,2018-04-30 01:44:00,800,1,0,4,2018-04-29 19:19:00,6.352777778,1,1,2018-04-30 01:40:00,1,17.81666667,45,30/04/2018 1:19,2.0,2.2898977689600004,6.1305556
30/04/2018 1:42,3.0,fast,2018-04-30 01:26:00,2018-04-30 01:44:00,925,0,1,4,2018-04-29 19:19:00,6.3875,1,1,2018-04-30 01:42:00,1,17.81666667,45,30/04/2018 1:19,2.0,2.2898977689600004,6.1305556
30/04/2018 2:42,0.094277126,fast,2018-04-30 02:41:00,2018-04-30 02:55:00,63,0,1,4,2018-04-29 19:19:00,7.387777778,1,2,2018-04-30 02:42:00,1,7.783333333,42,30/04/2018 2:19,2.0,2.04393688448,7.3702778
30/04/2018 2:42,1.0,fast,2018-04-30 02:41:00,2018-04-30 02:55:00,91,0,1,4,2018-04-29 19:19:00,7.395555556,1,2,2018-04-30 02:42:00,1,7.783333333,42,30/04/2018 2:19,2.0,2.04393688448,7.3702778
30/04/2018 2:43,0.019462583,no_food,2018-04-30 02:41:00,2018-04-30 02:55:00,142,0,0,4,2018-04-29 19:19:00,7.409722222,1,2,2018-04-30 02:43:00,1,7.783333333,42,30/04/2018 2:19,2.0,2.04393688448,7.3702778
30/04/2018 2:43,7.0,pick,2018-04-30 02:41:00,2018-04-30 02:55:00,162,0,1,4,2018-04-29 19:19:00,7.415277778,1,2,2018-04-30 02:43:00,1,7.783333333,42,30/04/2018 2:19,2.0,2.04393688448,7.3702778
30/04/2018 2:44,4.0,fast,2018-04-30 02:41:00,2018-04-30 02:55:00,222,0,1,4,2018-04-29 19:19:00,7.431944444,1,2,2018-04-30 02:44:00,1,7.783333333,42,30/04/2018 2:19,2.0,2.04393688448,7.3702778
30/04/2018 2:44,0.037865482,fast,2018-04-30 02:41:00,2018-04-30 02:55:00,191,0,1,4,2018-04-29 19:19:00,7.423333333,1,2,2018-04-30 02:44:00,1,7.783333333,42,30/04/2018 2:19,2.0,2.04393688448,7.3702778
30/04/2018 2:46,0.037828205,bat_and_pick,2018-04-30 02:41:00,2018-04-30 02:55:00,291,1,1,4,2018-04-29 19:19:00,7.451111111,1,2,2018-04-30 02:46:00,1,7.783333333,42,30/04/2018 2:19,2.0,2.04393688448,7.3702778
30/04/2018 2:46,22.0,bat_and_pick,2018-04-30 02:41:00,2018-04-30 02:55:00,288,1,1,4,2018-04-29 19:19:00,7.450277778,1,2,2018-04-30 02:46:00,1,7.783333333,42,30/04/2018 2:19,2.0,2.04393688448,7.3702778
30/04/2018 2:51,0.033212611,bat_and_pick,2018-04-30 02:41:00,2018-04-30 02:55:00,630,1,1,4,2018-04-29 19:19:00,7.545277778,1,2,2018-04-30 02:51:00,1,7.783333333,42,30/04/2018 2:19,2.0,2.04393688448,7.3702778
30/04/2018 2:51,0.099086619,fast,2018-04-30 02:41:00,2018-04-30 02:55:00,624,0,1,4,2018-04-29 19:19:00,7.543611111,1,2,2018-04-30 02:51:00,1,7.783333333,42,30/04/2018 2:19,2.0,2.04393688448,7.3702778
30/04/2018 2:55,0.096084094,bat_and_rat,2018-04-30 02:41:00,2018-04-30 02:55:00,878,1,0,4,2018-04-29 19:19:00,7.614166667,1,2,2018-04-30 02:55:00,1,7.783333333,42,30/04/2018 2:19,2.0,2.04393688448,7.3702778
30/04/2018 3:53,7.0,bat_and_pick,2018-04-30 03:43:00,2018-04-30 04:42:00,605,1,1,4,2018-04-29 19:19:00,8.582777778,1,3,2018-04-30 03:53:00,1,5.116666667,16,30/04/2018 3:19,1.451612903,1.8367191155200002,8.4147222
30/04/2018 3:54,6.0,pick,2018-04-30 03:43:00,2018-04-30 04:42:00,653,0,1,4,2018-04-29 19:19:00,8.596111111,1,3,2018-04-30 03:54:00,1,5.116666667,16,30/04/2018 3:19,1.451612903,1.8367191155200002,8.4147222
30/04/2018 21:15,2.0,rat,2018-04-30 21:14:00,2018-04-30 21:16:00,38,1,0,4,2018-04-30 19:20:00,1.926388889,1,21,2018-04-30 21:15:00,1,1.85,39,30/04/2018 20:50,3.0,3.12609867328,1.9158333
30/04/2018 21:16,2.0,bats,2018-04-30 21:14:00,2018-04-30 21:16:00,109,1,0,4,2018-04-30 19:20:00,1.946111111,1,21,2018-04-30 21:16:00,1,1.85,39,30/04/2018 20:50,3.0,3.12609867328,1.9158333
30/04/2018 21:33,50.0,bat_and_pick,2018-04-30 21:28:00,2018-04-30 21:33:00,299,1,1,4,2018-04-30 19:20:00,2.227222222,1,21,2018-04-30 21:33:00,2,3.55,29,30/04/2018 21:20,3.0,3.0807973267200004,2.1441667
30/04/2018 22:09,150.0,all_pick,2018-04-30 22:08:00,2018-04-30 22:15:00,63,1,1,4,2018-04-30 19:20:00,2.8325,1,22,2018-04-30 22:09:00,2,8.416666667,23,30/04/2018 21:50,3.0,2.9477040000000003,2.815
30/04/2018 22:11,6.0,bat_fight,2018-04-30 22:08:00,2018-04-30 22:15:00,139,1,0,4,2018-04-30 19:20:00,2.853611111,1,22,2018-04-30 22:11:00,2,8.416666667,23,30/04/2018 21:50,3.0,2.9477040000000003,2.815
30/04/2018 22:12,11.0,pick,2018-04-30 22:08:00,2018-04-30 22:15:00,228,0,1,4,2018-04-30 19:20:00,2.878333333,1,22,2018-04-30 22:12:00,2,8.416666667,23,30/04/2018 21:50,3.0,2.9477040000000003,2.815
30/04/2018 22:15,13.0,bat,2018-04-30 22:08:00,2018-04-30 22:15:00,407,1,0,4,2018-04-30 19:20:00,2.928055556,1,22,2018-04-30 22:15:00,2,8.416666667,23,30/04/2018 21:50,3.0,2.9477040000000003,2.815
30/04/2018 22:40,32.0,rat,2018-04-30 22:34:00,2018-04-30 22:40:00,359,1,0,4,2018-04-30 19:20:00,3.343333333,1,22,2018-04-30 22:40:00,1,6.066666667,13,30/04/2018 22:20,3.0,2.86266755776,3.2436111
30/04/2018 23:07,36.0,pick,2018-04-30 23:07:00,2018-04-30 23:11:00,0,0,1,4,2018-04-30 19:20:00,3.786944444,1,23,2018-04-30 23:07:00,2,5.75,18,30/04/2018 22:50,3.0,2.7548702310400004,3.7869444
30/04/2018 23:29,164.0,eating_bat_rat_pick,2018-04-30 23:19:00,2018-04-30 23:32:00,609,1,1,4,2018-04-30 19:20:00,4.1525,1,23,2018-04-30 23:29:00,2,5.75,18,30/04/2018 22:50,3.0,2.71590667328,3.9833333
30/04/2018 23:29,4.0,bat_fight,2018-04-30 23:19:00,2018-04-30 23:32:00,616,1,0,4,2018-04-30 19:20:00,4.154444444,1,23,2018-04-30 23:29:00,2,5.75,18,30/04/2018 22:50,3.0,2.71590667328,3.9833333
30/04/2018 23:29,9.0,bat_fight,2018-04-30 23:19:00,2018-04-30 23:32:00,655,1,0,4,2018-04-30 19:20:00,4.165277778,1,23,2018-04-30 23:29:00,2,5.75,18,30/04/2018 22:50,3.0,2.71590667328,3.9833333
30/04/2018 23:30,11.0,bat_pick,2018-04-30 23:19:00,2018-04-30 23:32:00,685,1,1,4,2018-04-30 19:20:00,4.173611111,1,23,2018-04-30 23:30:00,2,5.75,18,30/04/2018 22:50,3.0,2.71590667328,3.9833333
30/04/2018 23:30,12.0,bat_fight,2018-04-30 23:19:00,2018-04-30 23:32:00,673,1,0,4,2018-04-30 19:20:00,4.170277778,1,23,2018-04-30 23:30:00,2,5.75,18,30/04/2018 22:50,3.0,2.71590667328,3.9833333
30/04/2018 23:31,2.0,fast,2018-04-30 23:19:00,2018-04-30 23:32:00,773,0,1,4,2018-04-30 19:20:00,4.198055556,1,23,2018-04-30 23:31:00,2,5.75,18,30/04/2018 22:50,3.0,2.71590667328,3.9833333
1/05/2018 0:06,36.0,bat_and_rat,2018-05-01 00:06:00,2018-05-01 00:09:00,0,1,0,5,2018-04-30 19:20:00,4.769444444,1,0,2018-05-01 00:06:00,1,3.516666667,52,30/04/2018 23:50,3.0,2.55994223104,4.7694444
1/05/2018 0:06,4.0,fast,2018-05-01 00:06:00,2018-05-01 00:09:00,16,0,1,5,2018-04-30 19:20:00,4.773888889,1,0,2018-05-01 00:06:00,1,3.516666667,52,30/04/2018 23:50,3.0,2.55994223104,4.7694444
1/05/2018 0:06,19.0,bat_fight,2018-05-01 00:06:00,2018-05-01 00:09:00,41,1,0,5,2018-04-30 19:20:00,4.780833333,1,0,2018-05-01 00:06:00,1,3.516666667,52,30/04/2018 23:50,3.0,2.55994223104,4.7694444
1/05/2018 0:07,1.0,rat,2018-05-01 00:06:00,2018-05-01 00:09:00,62,1,0,5,2018-04-30 19:20:00,4.786666667,1,0,2018-05-01 00:07:00,1,3.516666667,52,30/04/2018 23:50,3.0,2.55994223104,4.7694444
1/05/2018 0:07,4.0,bat_fight,2018-05-01 00:06:00,2018-05-01 00:09:00,50,1,0,5,2018-04-30 19:20:00,4.783333333,1,0,2018-05-01 00:07:00,1,3.516666667,52,30/04/2018 23:50,3.0,2.55994223104,4.7694444
1/05/2018 0:08,14.0,rat,2018-05-01 00:06:00,2018-05-01 00:09:00,134,1,0,5,2018-04-30 19:20:00,4.806666667,1,0,2018-05-01 00:08:00,1,3.516666667,52,30/04/2018 23:50,3.0,2.55994223104,4.7694444
1/05/2018 0:09,29.0,bat_fight,2018-05-01 00:06:00,2018-05-01 00:09:00,195,1,0,5,2018-04-30 19:20:00,4.823611111,1,0,2018-05-01 00:09:00,1,3.516666667,52,30/04/2018 23:50,3.0,2.55994223104,4.7694444
1/05/2018 0:09,5.0,pick,2018-05-01 00:06:00,2018-05-01 00:09:00,210,0,1,5,2018-04-30 19:20:00,4.827777778,1,0,2018-05-01 00:09:00,1,3.516666667,52,30/04/2018 23:50,3.0,2.55994223104,4.7694444
1/05/2018 0:29,0.095162728,fast,2018-05-01 00:28:00,2018-05-01 00:44:00,11,0,1,5,2018-04-30 19:20:00,5.150555556,1,0,2018-05-01 00:29:00,1,15.73333333,45,1/05/2018 0:20,3.0,2.4849360000000003,5.1475
1/05/2018 0:31,2.0,fast,2018-05-01 00:28:00,2018-05-01 00:44:00,177,0,1,5,2018-04-30 19:20:00,5.196666667,1,0,2018-05-01 00:31:00,1,15.73333333,45,1/05/2018 0:20,3.0,2.4849360000000003,5.1475
1/05/2018 0:32,3.0,fast,2018-05-01 00:28:00,2018-05-01 00:44:00,241,0,1,5,2018-04-30 19:20:00,5.214444444,1,0,2018-05-01 00:32:00,1,15.73333333,45,1/05/2018 0:20,3.0,2.4849360000000003,5.1475
1/05/2018 0:32,82.0,eating_bat_pick,2018-05-01 00:28:00,2018-05-01 00:44:00,199,1,1,5,2018-04-30 19:20:00,5.202777778,1,0,2018-05-01 00:32:00,1,15.73333333,45,1/05/2018 0:20,3.0,2.4849360000000003,5.1475
1/05/2018 0:33,2.0,fast,2018-05-01 00:28:00,2018-05-01 00:44:00,304,0,1,5,2018-04-30 19:20:00,5.231944444,1,0,2018-05-01 00:33:00,1,15.73333333,45,1/05/2018 0:20,3.0,2.4849360000000003,5.1475
1/05/2018 0:33,0.042360901,fast,2018-05-01 00:28:00,2018-05-01 00:44:00,250,0,1,5,2018-04-30 19:20:00,5.216944444,1,0,2018-05-01 00:33:00,1,15.73333333,45,1/05/2018 0:20,3.0,2.4849360000000003,5.1475
1/05/2018 0:33,2.0,fast,2018-05-01 00:28:00,2018-05-01 00:44:00,271,0,1,5,2018-04-30 19:20:00,5.222777778,1,0,2018-05-01 00:33:00,1,15.73333333,45,1/05/2018 0:20,3.0,2.4849360000000003,5.1475
1/05/2018 0:33,3.0,bat,2018-05-01 00:28:00,2018-05-01 00:44:00,276,1,0,5,2018-04-30 19:20:00,5.224166667,1,0,2018-05-01 00:33:00,1,15.73333333,45,1/05/2018 0:20,3.0,2.4849360000000003,5.1475
1/05/2018 0:34,8.0,bat_and_rat,2018-05-01 00:28:00,2018-05-01 00:44:00,352,1,0,5,2018-04-30 19:20:00,5.245277778,1,0,2018-05-01 00:34:00,1,15.73333333,45,1/05/2018 0:20,3.0,2.4849360000000003,5.1475
1/05/2018 0:35,13.0,fast,2018-05-01 00:28:00,2018-05-01 00:44:00,377,0,1,5,2018-04-30 19:20:00,5.252222222,1,0,2018-05-01 00:35:00,1,15.73333333,45,1/05/2018 0:20,3.0,2.4849360000000003,5.1475
1/05/2018 0:36,61.0,rat,2018-05-01 00:28:00,2018-05-01 00:44:00,458,1,0,5,2018-04-30 19:20:00,5.274722222,1,0,2018-05-01 00:36:00,1,15.73333333,45,1/05/2018 0:20,3.0,2.4849360000000003,5.1475
1/05/2018 0:37,104.0,bat_and_rat,2018-05-01 00:28:00,2018-05-01 00:44:00,515,1,0,5,2018-04-30 19:20:00,5.290555556,1,0,2018-05-01 00:37:00,1,15.73333333,45,1/05/2018 0:20,3.0,2.4849360000000003,5.1475
1/05/2018 0:39,4.0,bat,2018-05-01 00:28:00,2018-05-01 00:44:00,649,1,0,5,2018-04-30 19:20:00,5.327777778,1,0,2018-05-01 00:39:00,1,15.73333333,45,1/05/2018 0:20,3.0,2.4849360000000003,5.1475
1/05/2018 0:41,30.0,rat,2018-05-01 00:28:00,2018-05-01 00:44:00,733,1,0,5,2018-04-30 19:20:00,5.351111111,1,0,2018-05-01 00:41:00,1,15.73333333,45,1/05/2018 0:20,3.0,2.4849360000000003,5.1475
1/05/2018 0:42,18.0,rat,2018-05-01 00:28:00,2018-05-01 00:44:00,819,1,0,5,2018-04-30 19:20:00,5.375,1,0,2018-05-01 00:42:00,1,15.73333333,45,1/05/2018 0:20,3.0,2.4849360000000003,5.1475
1/05/2018 0:43,2.0,fast,2018-05-01 00:28:00,2018-05-01 00:44:00,889,0,1,5,2018-04-30 19:20:00,5.394444444,1,0,2018-05-01 00:43:00,1,15.73333333,45,1/05/2018 0:20,3.0,2.4849360000000003,5.1475
1/05/2018 0:44,40.0,fight_bat,2018-05-01 00:28:00,2018-05-01 00:44:00,918,1,0,5,2018-04-30 19:20:00,5.4025,1,0,2018-05-01 00:44:00,1,15.73333333,45,1/05/2018 0:20,3.0,2.4849360000000003,5.1475
1/05/2018 0:44,1.0,fast,2018-05-01 00:28:00,2018-05-01 00:44:00,915,0,1,5,2018-04-30 19:20:00,5.401666667,1,0,2018-05-01 00:44:00,1,15.73333333,45,1/05/2018 0:20,3.0,2.4849360000000003,5.1475
1/05/2018 0:44,52.0,bat_fight,2018-05-01 00:28:00,2018-05-01 00:44:00,938,1,0,5,2018-04-30 19:20:00,5.408055556,1,0,2018-05-01 00:44:00,1,15.73333333,45,1/05/2018 0:20,3.0,2.4849360000000003,5.1475
1/05/2018 0:44,8.0,bat_fight,2018-05-01 00:28:00,2018-05-01 00:44:00,932,1,0,5,2018-04-30 19:20:00,5.406388889,1,0,2018-05-01 00:44:00,1,15.73333333,45,1/05/2018 0:20,3.0,2.4849360000000003,5.1475
1/05/2018 2:33,2.0,fast,2018-05-01 02:33:00,2018-05-01 02:37:00,1,0,1,5,2018-04-30 19:20:00,7.231111111,1,2,2018-05-01 02:33:00,1,3.416666667,48,1/05/2018 2:20,2.0,2.07160267328,7.2308333
1/05/2018 3:31,4.0,pick,2018-05-01 03:24:00,2018-05-01 03:33:00,386,0,1,5,2018-04-30 19:20:00,8.188055556,1,3,2018-05-01 03:31:00,1,8.916666667,12,1/05/2018 3:20,2.0,1.9029626732800002,8.0808333
1/05/2018 3:56,7.0,rat,2018-05-01 03:52:00,2018-05-01 03:59:00,257,1,0,5,2018-04-30 19:20:00,8.608611111,1,3,2018-05-01 03:56:00,4,21.23333333,6,1/05/2018 3:50,2.0,1.8124151155200001,8.5372222
1/05/2018 3:57,4.0,fast,2018-05-01 03:52:00,2018-05-01 03:59:00,295,0,1,5,2018-04-30 19:20:00,8.619166667,1,3,2018-05-01 03:57:00,4,21.23333333,6,1/05/2018 3:50,2.0,1.8124151155200001,8.5372222
1/05/2018 5:42,19.0,pick_rat_and_bat,2018-05-01 05:40:00,2018-05-01 05:43:00,125,1,1,5,2018-04-30 19:20:00,10.37722222,1,5,2018-05-01 05:42:00,4,16.41666667,8,1/05/2018 5:20,2.0,1.4542480000000002,10.3425
1/05/2018 19:09,4.0,pick,2018-05-01 18:58:00,2018-05-01 19:17:00,618,0,1,5,2018-05-01 19:21:00,-0.198611111,1,19,2018-05-01 19:09:00,1,18.36666667,21,1/05/2018 18:51,4.0,3.5796631155200003,-0.3702778
1/05/2018 19:10,1.0,fast,2018-05-01 18:58:00,2018-05-01 19:17:00,703,0,1,5,2018-05-01 19:21:00,-0.175,1,19,2018-05-01 19:10:00,1,18.36666667,21,1/05/2018 18:51,4.0,3.5796631155200003,-0.3702778
1/05/2018 19:14,1.0,fast,2018-05-01 18:58:00,2018-05-01 19:17:00,939,0,1,5,2018-05-01 19:21:00,-0.109444444,1,19,2018-05-01 19:14:00,1,18.36666667,21,1/05/2018 18:51,4.0,3.5796631155200003,-0.3702778
1/05/2018 21:28,1.0,fast,2018-05-01 21:27:00,2018-05-01 21:38:00,62,0,1,5,2018-05-01 19:21:00,2.120277778,1,21,2018-05-01 21:28:00,1,11.45,19,1/05/2018 21:21,3.0,3.08895376896,2.1030556
1/05/2018 21:34,1.0,fast,2018-05-01 21:27:00,2018-05-01 21:38:00,443,0,1,5,2018-05-01 19:21:00,2.226111111,1,21,2018-05-01 21:34:00,1,11.45,19,1/05/2018 21:21,3.0,3.08895376896,2.1030556
1/05/2018 22:11,4.0,pup_and_mon,2018-05-01 22:06:00,2018-05-01 22:11:00,275,0,0,5,2018-05-01 19:21:00,2.833888889,1,22,2018-05-01 22:11:00,1,4.883333333,15,1/05/2018 21:51,3.0,2.959112,2.7575
1/05/2018 23:12,23.0,pick,2018-05-01 23:08:00,2018-05-01 23:12:00,261,0,1,5,2018-05-01 19:21:00,3.858611111,1,23,2018-05-01 23:12:00,1,4.783333333,17,1/05/2018 22:51,3.0,2.7550355577600003,3.7861111
1/05/2018 23:56,10.0,pick,2018-05-01 23:54:00,2018-05-02 00:00:00,130,0,1,5,2018-05-01 19:21:00,4.592777778,1,23,2018-05-01 23:56:00,1,6.3,20,1/05/2018 23:51,3.0,2.6021573267200004,4.5566667
2/05/2018 0:47,19.0,rat,2018-05-02 00:46:00,2018-05-02 00:58:00,12,1,0,5,2018-05-01 19:21:00,5.434722222,1,0,2018-05-02 00:47:00,1,4.116666667,30,2/05/2018 0:21,3.0,2.4286124422400004,5.4313889
2/05/2018 0:47,2.0,pick,2018-05-02 00:46:00,2018-05-02 00:58:00,10,0,1,5,2018-05-01 19:21:00,5.434166667,1,0,2018-05-02 00:47:00,1,4.116666667,30,2/05/2018 0:21,3.0,2.4286124422400004,5.4313889
2/05/2018 0:49,1.0,fast,2018-05-02 00:46:00,2018-05-02 00:58:00,142,0,1,5,2018-05-01 19:21:00,5.470833333,1,0,2018-05-02 00:49:00,1,4.116666667,30,2/05/2018 0:21,3.0,2.4286124422400004,5.4313889
2/05/2018 0:50,106.0,pick_eating_all,2018-05-02 00:46:00,2018-05-02 00:58:00,204,1,1,5,2018-05-01 19:21:00,5.488055556,1,0,2018-05-02 00:50:00,1,4.116666667,30,2/05/2018 0:21,3.0,2.4286124422400004,5.4313889
2/05/2018 0:51,2.0,bat_fight,2018-05-02 00:46:00,2018-05-02 00:58:00,253,1,0,5,2018-05-01 19:21:00,5.501666667,1,0,2018-05-02 00:51:00,1,4.116666667,30,2/05/2018 0:21,3.0,2.4286124422400004,5.4313889
2/05/2018 0:51,22.0,bat_fight,2018-05-02 00:46:00,2018-05-02 00:58:00,296,1,0,5,2018-05-01 19:21:00,5.513611111,1,0,2018-05-02 00:51:00,1,4.116666667,30,2/05/2018 0:21,3.0,2.4286124422400004,5.4313889
2/05/2018 0:51,6.0,bat_and_rat,2018-05-02 00:46:00,2018-05-02 00:58:00,280,1,0,5,2018-05-01 19:21:00,5.509166667,1,0,2018-05-02 00:51:00,1,4.116666667,30,2/05/2018 0:21,3.0,2.4286124422400004,5.4313889
2/05/2018 0:52,5.0,"511.7,236.3,632.2,404.5; 445.0,199.0,503.0,245.0",2018-05-02 00:46:00,2018-05-02 00:58:00,330,0,0,5,2018-05-01 19:21:00,5.523055556,1,0,2018-05-02 00:52:00,1,4.116666667,30,2/05/2018 0:21,3.0,2.4286124422400004,5.4313889
2/05/2018 0:53,22.0,pick,2018-05-02 00:46:00,2018-05-02 00:58:00,408,0,1,5,2018-05-01 19:21:00,5.544722222,1,0,2018-05-02 00:53:00,1,4.116666667,30,2/05/2018 0:21,3.0,2.4286124422400004,5.4313889
2/05/2018 0:53,20.0,pick_bat_rat,2018-05-02 00:46:00,2018-05-02 00:58:00,396,1,1,5,2018-05-01 19:21:00,5.541388889,1,0,2018-05-02 00:53:00,1,4.116666667,30,2/05/2018 0:21,3.0,2.4286124422400004,5.4313889
2/05/2018 0:54,7.0,pick,2018-05-02 00:46:00,2018-05-02 00:58:00,433,0,1,5,2018-05-01 19:21:00,5.551666667,1,0,2018-05-02 00:54:00,1,4.116666667,30,2/05/2018 0:21,3.0,2.4286124422400004,5.4313889
2/05/2018 0:57,4.0,rat,2018-05-02 00:46:00,2018-05-02 00:58:00,627,1,0,5,2018-05-01 19:21:00,5.605555556,1,0,2018-05-02 00:57:00,1,4.116666667,30,2/05/2018 0:21,3.0,2.4286124422400004,5.4313889
2/05/2018 1:35,2.0,rat,2018-05-02 01:34:00,2018-05-02 01:36:00,99,1,0,5,2018-05-01 19:21:00,6.248333333,1,1,2018-05-02 01:35:00,2,1.9,36,2/05/2018 1:21,3.0,2.2719866732800003,6.2208333
2/05/2018 2:16,443.0,all_pick,2018-05-02 02:14:00,2018-05-02 02:24:00,132,1,1,5,2018-05-01 19:21:00,6.92,1,2,2018-05-02 02:16:00,2,14.0,35,2/05/2018 1:51,3.0,2.1405466732800003,6.8833333
2/05/2018 2:18,5.0,"417.7,117.1,635.5,346.0; 243.0,272.0,308.0,379.0; 438.0,230.0,494.0,291.0",2018-05-02 02:14:00,2018-05-02 02:24:00,249,0,0,5,2018-05-01 19:21:00,6.9525,1,2,2018-05-02 02:18:00,2,14.0,35,2/05/2018 1:51,3.0,2.1405466732800003,6.8833333
2/05/2018 2:20,0.010871342,bat,2018-05-02 02:14:00,2018-05-02 02:24:00,404,1,0,5,2018-05-01 19:21:00,6.995555556,1,2,2018-05-02 02:20:00,2,14.0,35,2/05/2018 1:51,3.0,2.1405466732800003,6.8833333
2/05/2018 2:21,4.0,bat,2018-05-02 02:14:00,2018-05-02 02:24:00,449,1,0,5,2018-05-01 19:21:00,7.008055556,1,2,2018-05-02 02:21:00,2,14.0,35,2/05/2018 1:51,3.0,2.1405466732800003,6.8833333
2/05/2018 2:22,6.0,bat,2018-05-02 02:14:00,2018-05-02 02:24:00,481,1,0,5,2018-05-01 19:21:00,7.016944444,1,2,2018-05-02 02:22:00,2,14.0,35,2/05/2018 1:51,3.0,2.1405466732800003,6.8833333
2/05/2018 2:22,7.0,bat,2018-05-02 02:14:00,2018-05-02 02:24:00,507,1,0,5,2018-05-01 19:21:00,7.024166667,1,2,2018-05-02 02:22:00,2,14.0,35,2/05/2018 1:51,3.0,2.1405466732800003,6.8833333
2/05/2018 2:52,30.0,pick,2018-05-02 02:45:00,2018-05-02 02:52:00,394,0,1,5,2018-05-01 19:21:00,7.519722222,1,2,2018-05-02 02:52:00,4,17.03333333,35,2/05/2018 2:21,3.0,2.03600088448,7.4102778
2/05/2018 3:51,1.0,fast,2018-05-02 03:50:00,2018-05-02 03:51:00,23,0,1,5,2018-05-01 19:21:00,8.5025,1,3,2018-05-02 03:51:00,2,2.133333333,15,2/05/2018 3:21,3.0,1.8205715577600001,8.4961111
2/05/2018 4:22,23.0,rat_pick,2018-05-02 04:14:00,2018-05-02 04:27:00,489,1,1,5,2018-05-01 19:21:00,9.026111111,1,4,2018-05-02 04:22:00,2,7.133333333,11,2/05/2018 3:51,3.0,1.7423688844800003,8.8902778
2/05/2018 5:09,0.019932178,fast,2018-05-02 05:07:00,2018-05-02 05:10:00,110,0,1,5,2018-05-01 19:21:00,9.813055556,1,5,2018-05-02 05:09:00,4,25.2,3,2/05/2018 4:51,3.0,1.565352,9.7825
2/05/2018 19:20,6.0,pick_rat,2018-05-02 19:15:00,2018-05-02 19:26:00,260,1,1,5,2018-05-02 19:21:00,-0.015277778,1,19,2018-05-02 19:20:00,1,5.25,18,2/05/2018 18:51,3.94057725,3.5235600000000002,-0.0875
2/05/2018 19:52,3.0,rat,2018-05-02 19:52:00,2018-05-02 19:55:00,9,1,0,5,2018-05-02 19:21:00,0.530555556,1,19,2018-05-02 19:52:00,2,3.566666667,31,2/05/2018 19:51,3.051499717,3.40143376896,0.5280556
2/05/2018 19:53,1.0,rat,2018-05-02 19:52:00,2018-05-02 19:55:00,51,1,0,5,2018-05-02 19:21:00,0.542222222,1,19,2018-05-02 19:53:00,2,3.566666667,31,2/05/2018 19:51,3.051499717,3.40143376896,0.5280556
2/05/2018 19:55,1.0,rat,2018-05-02 19:52:00,2018-05-02 19:55:00,146,1,0,5,2018-05-02 19:21:00,0.568611111,1,19,2018-05-02 19:55:00,2,3.566666667,31,2/05/2018 19:51,3.051499717,3.40143376896,0.5280556
2/05/2018 21:01,18.0,pick,2018-05-02 20:59:00,2018-05-02 21:06:00,89,0,1,5,2018-05-02 19:21:00,1.670555556,1,21,2018-05-02 21:01:00,2,5.383333333,27,2/05/2018 20:51,3.0,3.1796666732800003,1.6458333
2/05/2018 21:01,1.0,rat,2018-05-02 20:59:00,2018-05-02 21:06:00,124,1,0,5,2018-05-02 19:21:00,1.680277778,1,21,2018-05-02 21:01:00,2,5.383333333,27,2/05/2018 20:51,3.0,3.1796666732800003,1.6458333
2/05/2018 21:05,4.0,rat,2018-05-02 20:59:00,2018-05-02 21:06:00,317,1,0,5,2018-05-02 19:21:00,1.733888889,1,21,2018-05-02 21:05:00,2,5.383333333,27,2/05/2018 20:51,3.0,3.1796666732800003,1.6458333
2/05/2018 22:00,29.0,pick,2018-05-02 21:54:00,2018-05-02 22:01:00,348,0,1,5,2018-05-02 19:21:00,2.652222222,1,22,2018-05-02 22:00:00,2,4.45,43,2/05/2018 21:51,3.0,2.99917776896,2.5555556
2/05/2018 22:56,1.0,fast,2018-05-02 22:51:00,2018-05-02 22:57:00,293,0,1,5,2018-05-02 19:21:00,3.592777778,1,22,2018-05-02 22:56:00,5,25.71666667,20,2/05/2018 22:51,3.0,2.8095404422400003,3.5113889
2/05/2018 23:13,16.0,rat_and_pick,2018-05-02 23:13:00,2018-05-02 23:20:00,5,1,1,5,2018-05-02 19:21:00,3.868611111,1,23,2018-05-02 23:13:00,5,25.71666667,20,2/05/2018 22:51,3.0,2.73894311552,3.8672222
2/05/2018 23:20,1.0,fast,2018-05-02 23:13:00,2018-05-02 23:20:00,451,0,1,5,2018-05-02 19:21:00,3.9925,1,23,2018-05-02 23:20:00,5,25.71666667,20,2/05/2018 22:51,3.0,2.73894311552,3.8672222
2/05/2018 23:20,2.0,no_food,2018-05-02 23:13:00,2018-05-02 23:20:00,448,0,0,5,2018-05-02 19:21:00,3.991666667,1,23,2018-05-02 23:20:00,5,25.71666667,20,2/05/2018 22:51,3.0,2.73894311552,3.8672222
2/05/2018 23:59,56.0,pick,2018-05-02 23:53:00,2018-05-03 00:02:00,379,0,1,5,2018-05-02 19:21:00,4.643055556,1,23,2018-05-02 23:59:00,1,9.0,47,2/05/2018 23:51,3.0,2.60590488448,4.5377778
3/05/2018 3:29,13.0,rat,2018-05-03 03:21:00,2018-05-03 03:33:00,453,1,0,5,2018-05-02 19:21:00,8.133333333,1,3,2018-05-03 03:29:00,3,12.05,25,3/05/2018 3:21,2.0,1.917512,8.0075
3/05/2018 3:30,1.0,rat_and_bat,2018-05-03 03:21:00,2018-05-03 03:33:00,566,1,0,5,2018-05-02 19:21:00,8.164722222,1,3,2018-05-03 03:30:00,3,12.05,25,3/05/2018 3:21,2.0,1.917512,8.0075
3/05/2018 3:31,1.0,fast,2018-05-03 03:21:00,2018-05-03 03:33:00,625,0,1,5,2018-05-02 19:21:00,8.181111111,1,3,2018-05-03 03:31:00,3,12.05,25,3/05/2018 3:21,2.0,1.917512,8.0075
3/05/2018 3:51,20.0,rat,2018-05-03 03:48:00,2018-05-03 03:53:00,137,1,0,5,2018-05-02 19:21:00,8.500833333,1,3,2018-05-03 03:51:00,3,12.05,25,3/05/2018 3:21,2.0,1.8271848844800003,8.4627778
3/05/2018 19:11,1.0,rat,2018-05-03 18:58:00,2018-05-03 19:25:00,790,1,0,5,2018-05-03 19:22:00,-0.1675,1,19,2018-05-03 19:11:00,1,23.21666667,31,3/05/2018 18:52,3.896118097,3.5829697689600004,-0.3869444
3/05/2018 19:12,39.0,rat_and_pick,2018-05-03 18:58:00,2018-05-03 19:25:00,844,1,1,5,2018-05-03 19:22:00,-0.1525,1,19,2018-05-03 19:12:00,1,23.21666667,31,3/05/2018 18:52,3.896118097,3.5829697689600004,-0.3869444
3/05/2018 19:14,4.0,rat,2018-05-03 18:58:00,2018-05-03 19:25:00,930,1,0,5,2018-05-03 19:22:00,-0.128611111,1,19,2018-05-03 19:14:00,1,23.21666667,31,3/05/2018 18:52,3.896118097,3.5829697689600004,-0.3869444
3/05/2018 20:18,2.0,not_sure_rat,2018-05-03 20:18:00,2018-05-03 20:18:00,43,1,0,5,2018-05-03 19:22:00,0.949166667,1,20,2018-05-03 20:18:00,4,6.733333333,11,3/05/2018 19:52,3.030071077,3.32025511552,0.9372222
3/05/2018 20:58,0.042337019,rat,2018-05-03 20:57:00,2018-05-03 21:07:00,40,1,0,5,2018-05-03 19:22:00,1.61,1,20,2018-05-03 20:58:00,3,10.08333333,11,3/05/2018 20:52,3.0,3.18898044224,1.5988889
3/05/2018 21:53,23.0,"501.0,358.4,636.2,423.4; 476.0,103.0,634.0,206.0",2018-05-03 21:50:00,2018-05-03 21:54:00,199,0,0,5,2018-05-03 19:22:00,2.527777778,1,21,2018-05-03 21:53:00,1,1.65,27,3/05/2018 21:22,3.0,3.0156560000000003,2.4725
3/05/2018 23:49,22.0,rat_and_bat_and_pick,2018-05-03 23:46:00,2018-05-03 23:52:00,200,1,1,5,2018-05-03 19:22:00,4.460277778,1,23,2018-05-03 23:49:00,2,3.883333333,46,3/05/2018 23:22,3.0,2.63230311552,4.4047222
3/05/2018 23:50,29.0,bat,2018-05-03 23:46:00,2018-05-03 23:52:00,260,1,0,5,2018-05-03 19:22:00,4.476944444,1,23,2018-05-03 23:50:00,2,3.883333333,46,3/05/2018 23:22,3.0,2.63230311552,4.4047222
3/05/2018 23:51,28.0,pick,2018-05-03 23:46:00,2018-05-03 23:52:00,326,0,1,5,2018-05-03 19:22:00,4.495277778,1,23,2018-05-03 23:51:00,2,3.883333333,46,3/05/2018 23:22,3.0,2.63230311552,4.4047222
3/05/2018 23:51,2.0,fast,2018-05-03 23:46:00,2018-05-03 23:52:00,339,0,1,5,2018-05-03 19:22:00,4.498888889,1,23,2018-05-03 23:51:00,2,3.883333333,46,3/05/2018 23:22,3.0,2.63230311552,4.4047222
4/05/2018 0:12,5.0,rat,2018-05-04 00:09:00,2018-05-04 00:30:00,153,1,0,5,2018-05-03 19:22:00,4.833888889,1,0,2018-05-04 00:12:00,2,12.61666667,14,3/05/2018 23:52,3.0,2.5555884422400004,4.7913889
4/05/2018 0:22,18.0,rat,2018-05-04 00:09:00,2018-05-04 00:30:00,764,1,0,5,2018-05-03 19:22:00,5.003611111,1,0,2018-05-04 00:22:00,2,12.61666667,14,3/05/2018 23:52,3.0,2.5555884422400004,4.7913889
4/05/2018 0:22,20.0,rat,2018-05-04 00:09:00,2018-05-04 00:30:00,774,1,0,5,2018-05-03 19:22:00,5.006388889,1,0,2018-05-04 00:22:00,2,12.61666667,14,3/05/2018 23:52,3.0,2.5555884422400004,4.7913889
4/05/2018 1:57,0.018395555,rat,2018-05-04 01:57:00,2018-05-04 02:07:00,9,1,0,5,2018-05-03 19:22:00,6.598055556,1,1,2018-05-04 01:57:00,1,9.65,27,4/05/2018 1:52,2.906506288,2.1976417689600005,6.5955556
4/05/2018 2:04,4.0,fast,2018-05-04 01:57:00,2018-05-04 02:07:00,385,0,1,5,2018-05-03 19:22:00,6.7025,1,2,2018-05-04 02:04:00,1,9.65,27,4/05/2018 1:52,2.906506288,2.1976417689600005,6.5955556
4/05/2018 2:06,4.0,fast,2018-05-04 01:57:00,2018-05-04 02:07:00,519,0,1,5,2018-05-03 19:22:00,6.739722222,1,2,2018-05-04 02:06:00,1,9.65,27,4/05/2018 1:52,2.906506288,2.1976417689600005,6.5955556
4/05/2018 2:06,11.0,bat,2018-05-04 01:57:00,2018-05-04 02:07:00,505,1,0,5,2018-05-03 19:22:00,6.735833333,1,2,2018-05-04 02:06:00,1,9.65,27,4/05/2018 1:52,2.906506288,2.1976417689600005,6.5955556
4/05/2018 2:06,10.0,pick,2018-05-04 01:57:00,2018-05-04 02:07:00,555,0,1,5,2018-05-03 19:22:00,6.749722222,1,2,2018-05-04 02:06:00,1,9.65,27,4/05/2018 1:52,2.906506288,2.1976417689600005,6.5955556
4/05/2018 2:57,36.0,bat_fight,2018-05-04 02:55:00,2018-05-04 03:14:00,106,1,0,5,2018-05-03 19:22:00,7.594722222,1,2,2018-05-04 02:57:00,5,36.7,30,4/05/2018 2:52,2.036085293,2.0052488844800003,7.5652778
4/05/2018 2:58,10.0,bat_fight,2018-05-04 02:55:00,2018-05-04 03:14:00,142,1,0,5,2018-05-03 19:22:00,7.604722222,1,2,2018-05-04 02:58:00,5,36.7,30,4/05/2018 2:52,2.036085293,2.0052488844800003,7.5652778
4/05/2018 2:58,76.0,all_pick,2018-05-04 02:55:00,2018-05-04 03:14:00,157,1,1,5,2018-05-03 19:22:00,7.608888889,1,2,2018-05-04 02:58:00,5,36.7,30,4/05/2018 2:52,2.036085293,2.0052488844800003,7.5652778
4/05/2018 2:58,1.0,fast,2018-05-04 02:55:00,2018-05-04 03:14:00,164,0,1,5,2018-05-03 19:22:00,7.610833333,1,2,2018-05-04 02:58:00,5,36.7,30,4/05/2018 2:52,2.036085293,2.0052488844800003,7.5652778
4/05/2018 3:00,5.0,pick,2018-05-04 02:55:00,2018-05-04 03:14:00,248,0,1,5,2018-05-03 19:22:00,7.634166667,1,3,2018-05-04 03:00:00,5,36.7,30,4/05/2018 2:52,2.036085293,2.0052488844800003,7.5652778
4/05/2018 3:02,67.0,all_pick,2018-05-04 02:55:00,2018-05-04 03:14:00,395,1,1,5,2018-05-03 19:22:00,7.675,1,3,2018-05-04 03:02:00,5,36.7,30,4/05/2018 2:52,2.036085293,2.0052488844800003,7.5652778
4/05/2018 3:03,45.0,rat,2018-05-04 02:55:00,2018-05-04 03:14:00,484,1,0,5,2018-05-03 19:22:00,7.699722222,1,3,2018-05-04 03:03:00,5,36.7,30,4/05/2018 2:52,2.036085293,2.0052488844800003,7.5652778
4/05/2018 3:05,0.062233499,fast,2018-05-04 02:55:00,2018-05-04 03:14:00,547,0,1,5,2018-05-03 19:22:00,7.717222222,1,3,2018-05-04 03:05:00,5,36.7,30,4/05/2018 2:52,2.036085293,2.0052488844800003,7.5652778
4/05/2018 3:05,6.0,pick_bat,2018-05-04 02:55:00,2018-05-04 03:14:00,593,1,1,5,2018-05-03 19:22:00,7.73,1,3,2018-05-04 03:05:00,5,36.7,30,4/05/2018 2:52,2.036085293,2.0052488844800003,7.5652778
4/05/2018 3:06,8.0,pick,2018-05-04 02:55:00,2018-05-04 03:14:00,620,0,1,5,2018-05-03 19:22:00,7.7375,1,3,2018-05-04 03:06:00,5,36.7,30,4/05/2018 2:52,2.036085293,2.0052488844800003,7.5652778
4/05/2018 3:06,5.0,rat,2018-05-04 02:55:00,2018-05-04 03:14:00,636,1,0,5,2018-05-03 19:22:00,7.741944444,1,3,2018-05-04 03:06:00,5,36.7,30,4/05/2018 2:52,2.036085293,2.0052488844800003,7.5652778
4/05/2018 3:09,8.0,rat,2018-05-04 02:55:00,2018-05-04 03:14:00,810,1,0,5,2018-05-03 19:22:00,7.790277778,1,3,2018-05-04 03:09:00,5,36.7,30,4/05/2018 2:52,2.036085293,2.0052488844800003,7.5652778
4/05/2018 3:20,4.0,rat,2018-05-04 03:20:00,2018-05-04 03:21:00,23,1,0,5,2018-05-03 19:22:00,7.981388889,1,3,2018-05-04 03:20:00,5,36.7,30,4/05/2018 2:52,2.036085293,1.9239600000000003,7.975
4/05/2018 4:18,2.0,rat,2018-05-04 04:14:00,2018-05-04 04:30:00,224,1,0,5,2018-05-03 19:22:00,8.933333333,1,4,2018-05-04 04:18:00,2,15.46666667,17,4/05/2018 3:52,2.0,1.7461715577600003,8.8711111
4/05/2018 4:18,1.0,fast,2018-05-04 04:14:00,2018-05-04 04:30:00,275,0,1,5,2018-05-03 19:22:00,8.9475,1,4,2018-05-04 04:18:00,2,15.46666667,17,4/05/2018 3:52,2.0,1.7461715577600003,8.8711111
4/05/2018 4:19,22.0,pick,2018-05-04 04:14:00,2018-05-04 04:30:00,310,0,1,5,2018-05-03 19:22:00,8.957222222,1,4,2018-05-04 04:19:00,2,15.46666667,17,4/05/2018 3:52,2.0,1.7461715577600003,8.8711111
4/05/2018 5:39,120.0,pick_rat,2018-05-04 05:37:00,2018-05-04 06:10:00,143,1,1,5,2018-05-03 19:22:00,10.2975,1,5,2018-05-04 05:39:00,6,23.3,8,4/05/2018 5:22,2.0,1.4710568844800003,10.2577778
4/05/2018 20:25,6.0,rat,2018-05-04 20:24:00,2018-05-04 20:25:00,54,1,0,5,2018-05-04 19:23:00,1.044166667,1,20,2018-05-04 20:25:00,3,27.83333333,16,4/05/2018 20:23,3.0,3.30201332672,1.0291667
4/05/2018 20:44,10.0,pick,2018-05-04 20:39:00,2018-05-04 21:04:00,275,0,1,5,2018-05-04 19:23:00,1.353055556,1,20,2018-05-04 20:44:00,3,27.83333333,16,4/05/2018 20:23,3.0,3.25290932672,1.2766667
4/05/2018 20:50,17.0,pick_rat,2018-05-04 20:39:00,2018-05-04 21:04:00,645,1,1,5,2018-05-04 19:23:00,1.455833333,1,20,2018-05-04 20:50:00,3,27.83333333,16,4/05/2018 20:23,3.0,3.25290932672,1.2766667
4/05/2018 22:26,33.0,rat_pick,2018-05-04 22:24:00,2018-05-04 22:26:00,131,1,1,5,2018-05-04 19:23:00,3.060555556,1,22,2018-05-04 22:26:00,3,5.716666667,27,4/05/2018 22:23,3.0,2.9062053267200003,3.0241667
4/05/2018 22:33,1.0,fast,2018-05-04 22:32:00,2018-05-04 22:34:00,43,0,1,5,2018-05-04 19:23:00,3.176944444,1,22,2018-05-04 22:33:00,3,5.716666667,27,4/05/2018 22:23,3.0,2.878264,3.165
4/05/2018 22:33,8.0,pick,2018-05-04 22:32:00,2018-05-04 22:34:00,28,0,1,5,2018-05-04 19:23:00,3.172777778,1,22,2018-05-04 22:33:00,3,5.716666667,27,4/05/2018 22:23,3.0,2.878264,3.165
4/05/2018 23:36,16.0,rat,2018-05-04 23:33:00,2018-05-04 23:36:00,167,1,0,5,2018-05-04 19:23:00,4.226111111,1,23,2018-05-04 23:36:00,1,3.083333333,20,4/05/2018 23:23,3.0,2.6769431155200003,4.1797222
5/05/2018 0:43,195.0,pick,2018-05-05 00:41:00,2018-05-05 00:43:00,107,0,1,5,2018-05-04 19:23:00,5.337222222,1,0,2018-05-05 00:43:00,3,6.3,24,5/05/2018 0:23,3.0,2.4531920000000005,5.3075
5/05/2018 1:02,14.0,rat,2018-05-05 00:50:00,2018-05-05 01:11:00,695,1,0,5,2018-05-04 19:23:00,5.658888889,1,1,2018-05-05 01:02:00,3,6.3,24,5/05/2018 0:23,3.0,2.4217786732800004,5.4658333
5/05/2018 1:03,19.0,pick,2018-05-05 00:50:00,2018-05-05 01:11:00,766,0,1,5,2018-05-04 19:23:00,5.678611111,1,1,2018-05-05 01:03:00,3,6.3,24,5/05/2018 0:23,3.0,2.4217786732800004,5.4658333
5/05/2018 2:02,2.0,fast,2018-05-05 02:02:00,2018-05-05 02:07:00,13,0,1,5,2018-05-04 19:23:00,6.658055556,1,2,2018-05-05 02:02:00,1,5.55,26,5/05/2018 1:53,2.871523915,2.1859582310400003,6.6544444
5/05/2018 2:05,46.0,rat_pick,2018-05-05 02:02:00,2018-05-05 02:07:00,172,1,1,5,2018-05-04 19:23:00,6.702222222,1,2,2018-05-05 02:05:00,1,5.55,26,5/05/2018 1:53,2.871523915,2.1859582310400003,6.6544444
5/05/2018 2:06,2.0,fast,2018-05-05 02:02:00,2018-05-05 02:07:00,233,0,1,5,2018-05-04 19:23:00,6.719166667,1,2,2018-05-05 02:06:00,1,5.55,26,5/05/2018 1:53,2.871523915,2.1859582310400003,6.6544444
5/05/2018 2:46,1.0,fast,2018-05-05 02:45:00,2018-05-05 02:47:00,81,0,1,5,2018-05-04 19:23:00,7.392222222,1,2,2018-05-05 02:46:00,1,2.083333333,31,5/05/2018 2:23,2.379310345,2.04404711552,7.3697222
5/05/2018 3:25,1.0,rat,2018-05-05 03:22:00,2018-05-05 03:29:00,179,1,0,5,2018-05-04 19:23:00,8.043888889,1,3,2018-05-05 03:25:00,3,0.933333333,29,5/05/2018 2:53,2.015572859,1.9201573267200003,7.9941667
5/05/2018 3:26,18.0,rat,2018-05-05 03:22:00,2018-05-05 03:29:00,237,1,0,5,2018-05-04 19:23:00,8.06,1,3,2018-05-05 03:26:00,3,0.933333333,29,5/05/2018 2:53,2.015572859,1.9201573267200003,7.9941667
5/05/2018 3:49,35.0,pick,2018-05-05 03:47:00,2018-05-05 03:49:00,117,0,1,5,2018-05-04 19:23:00,8.441944444,1,3,2018-05-05 03:49:00,2,8.25,17,5/05/2018 3:23,2.0,1.8377662310400003,8.4094444
5/05/2018 4:40,38.0,rat,2018-05-05 04:31:00,2018-05-05 04:49:00,537,1,0,5,2018-05-04 19:23:00,9.289166667,1,4,2018-05-05 04:40:00,3,54.4,7,5/05/2018 4:23,2.0,1.692824,9.14
5/05/2018 21:59,14.0,rat,2018-05-05 21:55:00,2018-05-05 22:09:00,264,1,0,5,2018-05-05 19:24:00,2.595833333,1,21,2018-05-05 21:59:00,2,28.76666667,20,5/05/2018 21:54,3.0,3.005736,2.5225
5/05/2018 22:09,0.060691217,,2018-05-05 21:55:00,2018-05-05 22:09:00,862,0,0,5,2018-05-05 19:24:00,2.761944444,1,22,2018-05-05 22:09:00,2,28.76666667,20,5/05/2018 21:54,3.0,3.005736,2.5225
5/05/2018 22:49,15.0,rat,2018-05-05 22:48:00,2018-05-05 22:49:00,90,1,0,5,2018-05-05 19:24:00,3.425555556,1,22,2018-05-05 22:49:00,2,2.766666667,22,5/05/2018 22:24,3.0,2.8315297689600003,3.4005556
5/05/2018 22:55,23.0,rat,2018-05-05 22:54:00,2018-05-05 23:00:00,44,1,0,5,2018-05-05 19:24:00,3.522777778,1,22,2018-05-05 22:55:00,2,4.133333333,23,5/05/2018 22:54,3.0,2.8097057689600002,3.5105556
5/05/2018 23:26,1.0,fast,2018-05-05 23:25:00,2018-05-05 23:26:00,62,0,1,5,2018-05-05 19:24:00,4.048888889,1,23,2018-05-05 23:26:00,1,1.05,21,5/05/2018 23:24,3.0,2.7063173267200002,4.0316667
6/05/2018 1:58,3.0,rat,2018-05-06 01:56:00,2018-05-06 02:10:00,118,1,0,5,2018-05-05 19:24:00,6.581666667,1,1,2018-05-06 01:58:00,1,13.61666667,26,6/05/2018 1:54,3.0,2.2069004422400003,6.5488889
6/05/2018 1:58,1.0,rat,2018-05-06 01:56:00,2018-05-06 02:10:00,116,1,0,5,2018-05-05 19:24:00,6.581111111,1,1,2018-05-06 01:58:00,1,13.61666667,26,6/05/2018 1:54,3.0,2.2069004422400003,6.5488889
6/05/2018 2:00,27.0,bat_fight_and_rat,2018-05-06 01:56:00,2018-05-06 02:10:00,210,1,0,5,2018-05-05 19:24:00,6.607222222,1,2,2018-05-06 02:00:00,1,13.61666667,26,6/05/2018 1:54,3.0,2.2069004422400003,6.5488889
6/05/2018 2:00,16.0,bat_fight,2018-05-06 01:56:00,2018-05-06 02:10:00,202,1,0,5,2018-05-05 19:24:00,6.605,1,2,2018-05-06 02:00:00,1,13.61666667,26,6/05/2018 1:54,3.0,2.2069004422400003,6.5488889
6/05/2018 2:01,0.092315438,rat,2018-05-06 01:56:00,2018-05-06 02:10:00,270,1,0,5,2018-05-05 19:24:00,6.623888889,1,2,2018-05-06 02:01:00,1,13.61666667,26,6/05/2018 1:54,3.0,2.2069004422400003,6.5488889
6/05/2018 2:07,16.0,rat,2018-05-06 01:56:00,2018-05-06 02:10:00,657,1,0,5,2018-05-05 19:24:00,6.731388889,1,2,2018-05-06 02:07:00,1,13.61666667,26,6/05/2018 1:54,3.0,2.2069004422400003,6.5488889
6/05/2018 2:09,5.0,rat,2018-05-06 01:56:00,2018-05-06 02:10:00,783,1,0,5,2018-05-05 19:24:00,6.766388889,1,2,2018-05-06 02:09:00,1,13.61666667,26,6/05/2018 1:54,3.0,2.2069004422400003,6.5488889
6/05/2018 3:16,12.0,pick_bat,2018-05-06 03:10:00,2018-05-06 03:16:00,377,1,1,5,2018-05-05 19:24:00,7.871944444,1,3,2018-05-06 03:16:00,2,7.05,15,6/05/2018 2:54,3.0,1.9651831155200004,7.7672222
6/05/2018 3:39,1.0,rat,2018-05-06 03:30:00,2018-05-06 03:46:00,557,1,0,5,2018-05-05 19:24:00,8.263888889,1,3,2018-05-06 03:39:00,1,15.61666667,27,6/05/2018 3:24,3.0,1.8973413267200003,8.1091667
6/05/2018 3:39,1.0,fast,2018-05-06 03:30:00,2018-05-06 03:46:00,536,0,1,5,2018-05-05 19:24:00,8.258055556,1,3,2018-05-06 03:39:00,1,15.61666667,27,6/05/2018 3:24,3.0,1.8973413267200003,8.1091667
6/05/2018 3:40,2.0,fast,2018-05-06 03:30:00,2018-05-06 03:46:00,581,0,1,5,2018-05-05 19:24:00,8.270555556,1,3,2018-05-06 03:40:00,1,15.61666667,27,6/05/2018 3:24,3.0,1.8973413267200003,8.1091667
6/05/2018 3:42,0.0892831,,2018-05-06 03:30:00,2018-05-06 03:46:00,729,0,0,5,2018-05-05 19:24:00,8.311666667,1,3,2018-05-06 03:42:00,1,15.61666667,27,6/05/2018 3:24,3.0,1.8973413267200003,8.1091667
6/05/2018 3:42,12.0,rat,2018-05-06 03:30:00,2018-05-06 03:46:00,721,1,0,5,2018-05-05 19:24:00,8.309444444,1,3,2018-05-06 03:42:00,1,15.61666667,27,6/05/2018 3:24,3.0,1.8973413267200003,8.1091667
6/05/2018 3:42,1.0,fast,2018-05-06 03:30:00,2018-05-06 03:46:00,733,0,1,5,2018-05-05 19:24:00,8.312777778,1,3,2018-05-06 03:42:00,1,15.61666667,27,6/05/2018 3:24,3.0,1.8973413267200003,8.1091667
6/05/2018 3:42,3.0,fast,2018-05-06 03:30:00,2018-05-06 03:46:00,737,0,1,5,2018-05-05 19:24:00,8.313888889,1,3,2018-05-06 03:42:00,1,15.61666667,27,6/05/2018 3:24,3.0,1.8973413267200003,8.1091667
6/05/2018 3:43,50.0,rat_pick,2018-05-06 03:30:00,2018-05-06 03:46:00,802,1,1,5,2018-05-05 19:24:00,8.331944444,1,3,2018-05-06 03:43:00,1,15.61666667,27,6/05/2018 3:24,3.0,1.8973413267200003,8.1091667
6/05/2018 3:46,1.0,fast,2018-05-06 03:30:00,2018-05-06 03:46:00,935,0,1,5,2018-05-05 19:24:00,8.368888889,1,3,2018-05-06 03:46:00,1,15.61666667,27,6/05/2018 3:24,3.0,1.8973413267200003,8.1091667
6/05/2018 4:32,37.0,rat_and_rat,2018-05-06 04:29:00,2018-05-06 04:32:00,188,1,0,5,2018-05-05 19:24:00,9.138611111,1,4,2018-05-06 04:32:00,1,3.416666667,8,6/05/2018 4:24,2.35,1.7034604422400004,9.0863889
6/05/2018 5:07,1.0,fast,2018-05-06 04:54:00,2018-05-06 05:11:00,737,0,1,5,2018-05-05 19:24:00,9.717222222,1,5,2018-05-06 05:07:00,6,17.68333333,19,6/05/2018 4:54,2.011290323,1.6189200000000004,9.5125
6/05/2018 5:07,5.0,rat,2018-05-06 04:54:00,2018-05-06 05:11:00,756,1,0,5,2018-05-05 19:24:00,9.7225,1,5,2018-05-06 05:07:00,6,17.68333333,19,6/05/2018 4:54,2.011290323,1.6189200000000004,9.5125
6/05/2018 5:08,8.0,pick,2018-05-06 04:54:00,2018-05-06 05:11:00,808,0,1,5,2018-05-05 19:24:00,9.736944444,1,5,2018-05-06 05:08:00,6,17.68333333,19,6/05/2018 4:54,2.011290323,1.6189200000000004,9.5125
6/05/2018 5:08,11.0,,2018-05-06 04:54:00,2018-05-06 05:11:00,845,0,0,5,2018-05-05 19:24:00,9.747222222,1,5,2018-05-06 05:08:00,6,17.68333333,19,6/05/2018 4:54,2.011290323,1.6189200000000004,9.5125
6/05/2018 5:09,18.0,,2018-05-06 04:54:00,2018-05-06 05:11:00,861,0,0,5,2018-05-05 19:24:00,9.751666667,1,5,2018-05-06 05:09:00,6,17.68333333,19,6/05/2018 4:54,2.011290323,1.6189200000000004,9.5125
6/05/2018 5:09,6.0,,2018-05-06 04:54:00,2018-05-06 05:11:00,882,0,0,5,2018-05-05 19:24:00,9.7575,1,5,2018-05-06 05:09:00,6,17.68333333,19,6/05/2018 4:54,2.011290323,1.6189200000000004,9.5125
6/05/2018 5:28,19.0,rat,2018-05-06 05:26:00,2018-05-06 05:28:00,91,1,0,5,2018-05-05 19:24:00,10.07083333,1,5,2018-05-06 05:28:00,1,1.866666667,13,6/05/2018 5:24,2.0,1.5131617689600003,10.0455556
6/05/2018 23:55,4.0,rat,2018-05-06 23:44:00,2018-05-06 23:55:00,629,1,0,5,2018-05-06 19:24:00,4.518888889,1,23,2018-05-06 23:55:00,1,9.35,20,6/05/2018 23:24,3.0,2.6443173267200004,4.3441667
7/05/2018 2:28,5.0,"243.6,235.6,432.2,329.8; 559.0,244.0,622.0,395.0",2018-05-07 02:27:00,2018-05-07 02:39:00,45,0,0,5,2018-05-06 19:24:00,7.067777778,1,2,2018-05-07 02:28:00,4,24.4,14,7/05/2018 2:24,3.0,2.10643288448,7.0552778
7/05/2018 3:16,10.0,bat_fight,2018-05-07 03:12:00,2018-05-07 03:16:00,234,1,0,5,2018-05-06 19:24:00,7.870833333,1,3,2018-05-07 03:16:00,1,4.066666667,27,7/05/2018 2:54,3.0,1.9575226732800004,7.8058333
7/05/2018 3:16,30.0,bat_fight_rat,2018-05-07 03:12:00,2018-05-07 03:16:00,221,1,0,5,2018-05-06 19:24:00,7.867222222,1,3,2018-05-07 03:16:00,1,4.066666667,27,7/05/2018 2:54,3.0,1.9575226732800004,7.8058333
7/05/2018 3:45,23.0,rat,2018-05-07 03:38:00,2018-05-07 03:54:00,423,1,0,5,2018-05-06 19:24:00,8.3525,1,3,2018-05-07 03:45:00,4,27.0,11,7/05/2018 3:24,3.0,1.8723760000000005,8.235
7/05/2018 4:28,2.0,rat,2018-05-07 04:25:00,2018-05-07 04:36:00,158,1,0,5,2018-05-06 19:24:00,9.072777778,1,4,2018-05-07 04:28:00,3,25.78333333,14,7/05/2018 4:24,2.381818182,1.7148684422400002,9.0288889
7/05/2018 4:29,50.0,rat_pick,2018-05-07 04:25:00,2018-05-07 04:36:00,252,1,1,5,2018-05-06 19:24:00,9.098888889,1,4,2018-05-07 04:29:00,3,25.78333333,14,7/05/2018 4:24,2.381818182,1.7148684422400002,9.0288889
7/05/2018 4:29,5.0,other_bats,2018-05-07 04:25:00,2018-05-07 04:36:00,203,1,0,5,2018-05-06 19:24:00,9.085277778,1,4,2018-05-07 04:29:00,3,25.78333333,14,7/05/2018 4:24,2.381818182,1.7148684422400002,9.0288889
7/05/2018 4:44,42.0,rat,2018-05-07 04:43:00,2018-05-07 04:46:00,108,1,0,5,2018-05-06 19:24:00,9.3475,1,4,2018-05-07 04:44:00,3,25.78333333,14,7/05/2018 4:24,2.381818182,1.6576080000000002,9.3175
7/05/2018 5:32,10.0,pick,2018-05-07 05:30:00,2018-05-07 05:42:00,149,0,1,5,2018-05-06 19:24:00,10.14583333,1,5,2018-05-07 05:32:00,3,22.43333333,13,7/05/2018 5:24,2.0,1.50147823104,10.1044444
7/05/2018 5:33,2.0,rat,2018-05-07 05:30:00,2018-05-07 05:42:00,187,1,0,5,2018-05-06 19:24:00,10.15638889,1,5,2018-05-07 05:33:00,3,22.43333333,13,7/05/2018 5:24,2.0,1.50147823104,10.1044444
8/05/2018 1:03,4.0,rat,2018-05-08 01:02:00,2018-05-08 01:03:00,78,1,0,5,2018-05-07 19:25:00,5.644166667,1,1,2018-05-08 01:03:00,1,1.383333333,38,8/05/2018 0:55,2.008201203,2.390696,5.6225
8/05/2018 2:33,2.0,fast,2018-05-08 02:33:00,2018-05-08 02:35:00,48,0,1,5,2018-05-07 19:25:00,7.147777778,1,2,2018-05-08 02:33:00,1,2.766666667,59,8/05/2018 2:25,2.0,2.0907262310400005,7.1344444
8/05/2018 2:35,5.0,rat,2018-05-08 02:33:00,2018-05-08 02:35:00,161,1,0,5,2018-05-07 19:25:00,7.179166667,1,2,2018-05-08 02:35:00,1,2.766666667,59,8/05/2018 2:25,2.0,2.0907262310400005,7.1344444
8/05/2018 2:35,7.0,pick,2018-05-08 02:33:00,2018-05-08 02:35:00,123,0,1,5,2018-05-07 19:25:00,7.168611111,1,2,2018-05-08 02:35:00,1,2.766666667,59,8/05/2018 2:25,2.0,2.0907262310400005,7.1344444
9/05/2018 1:39,31.0,pick,2018-05-09 01:35:00,2018-05-09 01:39:00,230,0,1,5,2018-05-08 19:26:00,6.223055556,1,1,2018-05-09 01:39:00,1,4.35,27,9/05/2018 1:26,0.0,2.28422132672,6.1591667
9/05/2018 2:33,3.0,bat_rat,2018-05-09 02:33:00,2018-05-09 02:39:00,10,1,0,5,2018-05-08 19:26:00,7.122777778,1,2,2018-05-09 02:33:00,1,6.666666667,52,9/05/2018 2:26,0.0,2.093592,7.12
9/05/2018 2:34,2.0,fast,2018-05-09 02:33:00,2018-05-09 02:39:00,61,0,1,5,2018-05-08 19:26:00,7.136944444,1,2,2018-05-09 02:34:00,1,6.666666667,52,9/05/2018 2:26,0.0,2.093592,7.12
9/05/2018 2:35,1.0,fast,2018-05-09 02:33:00,2018-05-09 02:39:00,132,0,1,5,2018-05-08 19:26:00,7.156666667,1,2,2018-05-09 02:35:00,1,6.666666667,52,9/05/2018 2:26,0.0,2.093592,7.12
9/05/2018 2:35,4.0,pick,2018-05-09 02:33:00,2018-05-09 02:39:00,137,0,1,5,2018-05-08 19:26:00,7.158055556,1,2,2018-05-09 02:35:00,1,6.666666667,52,9/05/2018 2:26,0.0,2.093592,7.12
9/05/2018 2:35,5.0,pick,2018-05-09 02:33:00,2018-05-09 02:39:00,144,0,1,5,2018-05-08 19:26:00,7.16,1,2,2018-05-09 02:35:00,1,6.666666667,52,9/05/2018 2:26,0.0,2.093592,7.12
9/05/2018 2:38,21.0,pick,2018-05-09 02:33:00,2018-05-09 02:39:00,318,0,1,5,2018-05-08 19:26:00,7.208333333,1,2,2018-05-09 02:38:00,1,6.666666667,52,9/05/2018 2:26,0.0,2.093592,7.12
9/05/2018 2:39,23.0,pick,2018-05-09 02:33:00,2018-05-09 02:39:00,378,0,1,5,2018-05-08 19:26:00,7.225,1,2,2018-05-09 02:39:00,1,6.666666667,52,9/05/2018 2:26,0.0,2.093592,7.12
9/05/2018 2:39,7.0,pick,2018-05-09 02:33:00,2018-05-09 02:39:00,367,0,1,5,2018-05-08 19:26:00,7.221944444,1,2,2018-05-09 02:39:00,1,6.666666667,52,9/05/2018 2:26,0.0,2.093592,7.12
9/05/2018 3:23,1.0,fast,2018-05-09 03:21:00,2018-05-09 03:30:00,78,0,1,5,2018-05-08 19:26:00,7.953888889,1,3,2018-05-09 03:23:00,1,4.066666667,34,9/05/2018 2:56,0.0,1.9324471155200003,7.9322222
9/05/2018 3:29,8.0,rat,2018-05-09 03:21:00,2018-05-09 03:30:00,483,1,0,5,2018-05-08 19:26:00,8.066388889,1,3,2018-05-09 03:29:00,1,4.066666667,34,9/05/2018 2:56,0.0,1.9324471155200003,7.9322222
9/05/2018 3:30,8.0,rat,2018-05-09 03:21:00,2018-05-09 03:30:00,530,1,0,5,2018-05-08 19:26:00,8.079444444,1,3,2018-05-09 03:30:00,1,4.066666667,34,9/05/2018 2:56,0.0,1.9324471155200003,7.9322222
10/05/2018 3:13,3.0,fast,2018-05-10 03:13:00,2018-05-10 03:17:00,31,0,1,5,2018-05-09 19:26:00,7.794166667,1,3,2018-05-10 03:13:00,1,4.116666667,12,10/05/2018 2:56,3.0,1.9615457689600002,7.7855556
10/05/2018 4:44,3.0,rat,2018-05-10 04:43:00,2018-05-10 04:48:00,29,1,0,5,2018-05-09 19:26:00,9.301111111,1,4,2018-05-10 04:44:00,2,5.55,14,10/05/2018 4:26,2.359375,1.6624577689600002,9.2930556
10/05/2018 4:44,44.0,rat_and_pick,2018-05-10 04:43:00,2018-05-10 04:48:00,66,1,1,5,2018-05-09 19:26:00,9.311388889,1,4,2018-05-10 04:44:00,2,5.55,14,10/05/2018 4:26,2.359375,1.6624577689600002,9.2930556
10/05/2018 22:09,4.0,fast,2018-05-10 22:08:00,2018-05-10 22:13:00,15,0,1,5,2018-05-10 19:27:00,2.702222222,1,22,2018-05-10 22:09:00,1,4.383333333,36,10/05/2018 21:57,3.0,2.9709057689600002,2.6980556
10/05/2018 22:10,1.0,fast,2018-05-10 22:08:00,2018-05-10 22:13:00,105,0,1,5,2018-05-10 19:27:00,2.727222222,1,22,2018-05-10 22:10:00,1,4.383333333,36,10/05/2018 21:57,3.0,2.9709057689600002,2.6980556
10/05/2018 22:12,24.0,rat,2018-05-10 22:08:00,2018-05-10 22:13:00,228,1,0,5,2018-05-10 19:27:00,2.761388889,1,22,2018-05-10 22:12:00,1,4.383333333,36,10/05/2018 21:57,3.0,2.9709057689600002,2.6980556
10/05/2018 22:12,7.0,rat,2018-05-10 22:08:00,2018-05-10 22:13:00,218,1,0,5,2018-05-10 19:27:00,2.758611111,1,22,2018-05-10 22:12:00,1,4.383333333,36,10/05/2018 21:57,3.0,2.9709057689600002,2.6980556
10/05/2018 23:57,22.0,rat,2018-05-10 23:55:00,2018-05-11 00:02:00,87,1,0,5,2018-05-10 19:27:00,4.505833333,1,23,2018-05-10 23:57:00,1,1.1,26,10/05/2018 23:27,3.0,2.6170373267200002,4.4816667
11/05/2018 2:12,10.0,,2018-05-11 02:10:00,2018-05-11 02:12:00,91,0,0,5,2018-05-10 19:27:00,6.753888889,1,2,2018-05-11 02:12:00,2,4.716666667,29,11/05/2018 1:57,2.819243604,2.1712435577600004,6.7286111
11/05/2018 2:45,2.0,rat,2018-05-11 02:35:00,2018-05-11 02:47:00,627,1,0,5,2018-05-10 19:27:00,7.314722222,1,2,2018-05-11 02:45:00,2,25.1,12,11/05/2018 2:27,2.310344828,2.0895137689600003,7.1405556
11/05/2018 2:46,21.0,pick_and_rat,2018-05-11 02:35:00,2018-05-11 02:47:00,670,1,1,5,2018-05-10 19:27:00,7.326666667,1,2,2018-05-11 02:46:00,2,25.1,12,11/05/2018 2:27,2.310344828,2.0895137689600003,7.1405556
11/05/2018 2:47,8.0,pick_and_rat,2018-05-11 02:35:00,2018-05-11 02:47:00,705,1,1,5,2018-05-10 19:27:00,7.336388889,1,2,2018-05-11 02:47:00,2,25.1,12,11/05/2018 2:27,2.310344828,2.0895137689600003,7.1405556
11/05/2018 4:30,8.0,rat,2018-05-11 04:25:00,2018-05-11 04:36:00,331,1,0,5,2018-05-10 19:27:00,9.059444444,1,4,2018-05-11 04:30:00,2,7.133333333,13,11/05/2018 3:57,2.0,1.7270480000000004,8.9675
13/05/2018 22:40,8.0,rat_pick,2018-05-13 22:38:00,2018-05-13 22:40:00,118,1,1,5,2018-05-13 19:29:00,3.194166667,1,22,2018-05-13 22:40:00,3,5.1,16,13/05/2018 22:29,3.099320883,2.8789804422400005,3.1613889
14/05/2018 0:10,81.0,"380.6,321.1,550.6,477.5; 263.0,267.0,421.0,435.0",2018-05-14 00:10:00,2018-05-14 00:31:00,43,0,0,5,2018-05-13 19:29:00,4.696111111,1,0,2018-05-14 00:10:00,3,32.46666667,2,13/05/2018 23:59,3.0,2.5768613267200005,4.6841667
14/05/2018 1:24,26.0,bat,2018-05-14 01:16:00,2018-05-14 01:30:00,482,1,0,5,2018-05-13 19:29:00,5.929166667,1,1,2018-05-14 01:24:00,2,17.26666667,26,14/05/2018 0:59,3.0,2.35641688448,5.7952778
14/05/2018 3:36,14.0,fast,2018-05-14 03:34:00,2018-05-14 03:45:00,140,0,1,5,2018-05-13 19:29:00,8.131944444,1,3,2018-05-14 03:36:00,1,11.1,24,14/05/2018 3:29,3.0,1.9005377689600003,8.0930556
14/05/2018 5:42,4.0,bat,2018-05-14 05:41:00,2018-05-14 05:43:00,11,1,0,5,2018-05-13 19:29:00,10.21861111,1,5,2018-05-14 05:42:00,2,3.883333333,6,14/05/2018 5:29,3.0,1.4794337689600003,10.2155556
17/05/2018 3:26,14.0,rat,2018-05-17 03:24:00,2018-05-17 03:26:00,111,1,0,5,2018-05-16 19:31:00,7.918055556,1,3,2018-05-17 03:26:00,1,2.1,42,17/05/2018 3:01,1.809384164,1.9413751155200003,7.8872222
17/05/2018 19:16,0.068724243,,2018-05-17 19:14:00,2018-05-17 19:16:00,121,0,0,5,2018-05-17 19:32:00,-0.261666667,1,19,2018-05-17 19:16:00,2,9.2,15,17/05/2018 19:02,3.721311475,3.56478311552,-0.2952778
17/05/2018 22:46,9.0,rat,2018-05-17 22:41:00,2018-05-17 22:48:00,252,1,0,5,2018-05-17 19:32:00,3.235833333,1,22,2018-05-17 22:46:00,1,6.433333333,30,17/05/2018 22:32,2.241935484,2.8780986732800002,3.1658333
17/05/2018 22:46,1.0,fast,2018-05-17 22:41:00,2018-05-17 22:48:00,247,0,1,5,2018-05-17 19:32:00,3.234444444,1,22,2018-05-17 22:46:00,1,6.433333333,30,17/05/2018 22:32,2.241935484,2.8780986732800002,3.1658333
17/05/2018 22:48,4.0,rat_pick,2018-05-17 22:41:00,2018-05-17 22:48:00,383,1,1,5,2018-05-17 19:32:00,3.272222222,1,22,2018-05-17 22:48:00,1,6.433333333,30,17/05/2018 22:32,2.241935484,2.8780986732800002,3.1658333
17/05/2018 23:49,3.0,bat_and_rat,2018-05-17 23:49:00,2018-05-17 23:58:00,28,1,0,5,2018-05-17 19:32:00,4.299166667,1,23,2018-05-17 23:49:00,1,8.983333333,28,17/05/2018 23:32,2.0,2.65478844224,4.2913889
17/05/2018 23:50,1.0,rat,2018-05-17 23:49:00,2018-05-17 23:58:00,54,1,0,5,2018-05-17 19:32:00,4.306388889,1,23,2018-05-17 23:50:00,1,8.983333333,28,17/05/2018 23:32,2.0,2.65478844224,4.2913889
17/05/2018 23:55,11.0,rat_bat,2018-05-17 23:49:00,2018-05-17 23:58:00,348,1,0,5,2018-05-17 19:32:00,4.388055556,1,23,2018-05-17 23:55:00,1,8.983333333,28,17/05/2018 23:32,2.0,2.65478844224,4.2913889
17/05/2018 23:55,34.0,rat,2018-05-17 23:49:00,2018-05-17 23:58:00,378,1,0,5,2018-05-17 19:32:00,4.396388889,1,23,2018-05-17 23:55:00,1,8.983333333,28,17/05/2018 23:32,2.0,2.65478844224,4.2913889
17/05/2018 23:58,16.0,rat_pick,2018-05-17 23:49:00,2018-05-17 23:58:00,529,1,1,5,2018-05-17 19:32:00,4.438333333,1,23,2018-05-17 23:58:00,1,8.983333333,28,17/05/2018 23:32,2.0,2.65478844224,4.2913889
18/05/2018 5:04,1.0,,2018-05-18 05:03:00,2018-05-18 05:04:00,23,0,0,5,2018-05-17 19:32:00,9.5375,1,5,2018-05-18 05:04:00,1,1.033333333,11,18/05/2018 5:02,0.782608696,1.6152275577600002,9.5311111
19/05/2018 22:08,31.0,rat_pick,2018-05-19 22:06:00,2018-05-19 22:08:00,126,1,1,5,2018-05-19 19:33:00,2.593888889,1,22,2018-05-19 22:08:00,1,2.283333333,29,19/05/2018 22:03,3.0,2.99851644224,2.5588889
20/05/2018 2:50,16.0,,2018-05-20 02:48:00,2018-05-20 02:51:00,151,0,0,5,2018-05-19 19:33:00,7.299722222,1,2,2018-05-20 02:50:00,1,2.566666667,17,20/05/2018 2:33,2.0,2.0662568844800004,7.2577778
20/05/2018 21:52,8.0,rat,2018-05-20 21:42:00,2018-05-20 22:11:00,624,1,0,5,2018-05-20 19:34:00,2.311111111,1,21,2018-05-20 21:52:00,1,21.73333333,10,20/05/2018 21:34,3.0,3.0820648844800003,2.1377778
21/05/2018 0:49,1.0,,2018-05-21 00:48:00,2018-05-21 00:57:00,21,0,0,5,2018-05-20 19:34:00,5.253333333,1,0,2018-05-21 00:49:00,1,8.966666667,17,21/05/2018 0:34,2.0,2.4650960000000004,5.2475
21/05/2018 0:53,34.0,fight_rat,2018-05-21 00:48:00,2018-05-21 00:57:00,300,1,0,5,2018-05-20 19:34:00,5.330833333,1,0,2018-05-21 00:53:00,1,8.966666667,17,21/05/2018 0:34,2.0,2.4650960000000004,5.2475
21/05/2018 0:56,35.0,rat_pick,2018-05-21 00:48:00,2018-05-21 00:57:00,455,1,1,5,2018-05-20 19:34:00,5.373888889,1,0,2018-05-21 00:56:00,1,8.966666667,17,21/05/2018 0:34,2.0,2.4650960000000004,5.2475
21/05/2018 2:54,26.0,rat_pick,2018-05-21 02:49:00,2018-05-21 02:57:00,271,1,1,5,2018-05-20 19:34:00,7.338888889,1,2,2018-05-21 02:54:00,1,7.766666667,21,21/05/2018 2:34,2.0,2.06509955776,7.2636111
21/05/2018 2:54,7.0,,2018-05-21 02:49:00,2018-05-21 02:57:00,306,0,0,5,2018-05-20 19:34:00,7.348611111,1,2,2018-05-21 02:54:00,1,7.766666667,21,21/05/2018 2:34,2.0,2.06509955776,7.2636111
21/05/2018 2:57,43.0,rat_bat_fight,2018-05-21 02:49:00,2018-05-21 02:57:00,455,1,0,5,2018-05-20 19:34:00,7.39,1,2,2018-05-21 02:57:00,1,7.766666667,21,21/05/2018 2:34,2.0,2.06509955776,7.2636111
21/05/2018 23:09,0.062303811,,2018-05-21 23:09:00,2018-05-21 23:09:00,15,0,0,5,2018-05-21 19:35:00,3.574166667,1,23,2018-05-21 23:09:00,2,3.616666667,41,21/05/2018 23:05,2.0,2.797912,3.57
21/05/2018 23:19,83.0,bat_pick,2018-05-21 23:17:00,2018-05-21 23:20:00,116,1,1,5,2018-05-21 19:35:00,3.736111111,1,23,2018-05-21 23:19:00,2,3.616666667,41,21/05/2018 23:05,2.0,2.7713484422400003,3.7038889
31/05/2018 23:34,41.0,,2018-05-31 23:31:00,2018-05-31 23:34:00,133,0,0,5,2018-05-31 19:41:00,3.885833333,1,23,2018-05-31 23:34:00,1,2.283333333,39,31/05/2018 23:11,3.0,2.7425804422400004,3.8488889
